nome_arquivo,caminho_relativo,grupo,plataforma,plataforma_metodo,plataforma_match,plataforma_url,plataforma_score,erro,numero_linhas,numero_colunas,features,coluna_classe,classe_detectada_por,numero_classes,distribuicao_classe,distribuicao_classe_pct,classe_majoritaria,classe_majoritaria_qtd,classe_minoritaria,classe_minoritaria_qtd,razao_desbalanceamento,entropia_classe,features_numericas,features_categoricas,features_booleanas,features_texto_ou_objeto,features_categoricas_codificadas,features_datetime,features_constantes,features_alta_cardinalidade,valores_ausentes,percentual_ausentes,media_ausentes_por_feature,max_ausentes_por_feature,top_features_com_ausentes,linhas_duplicadas,percentual_linhas_duplicadas,memoria_mb,tamanho_arquivo_mb,colunas_exemplo,features_constantes_nomes,features_alta_cardinalidade_nomes,numeric_min_global,numeric_max_global,numeric_media_das_medias,numeric_media_dos_desvios,tipo_dataset,pct_classe_minoritaria,pct_classe_majoritaria
1460_banana.csv,datasets/binarios/datasets/1460_banana.csv,binarios,openml,api_id,banana,https://www.openml.org/d/1460,100.0,,5300,3,2,target,nome_conhecido,2,"{""1"": 2924, ""0"": 2376}","{""1"": 0.551698, ""0"": 0.448302}",1,2924,0,2376,1.23064,0.992274,2,0,0,0,0,0,0,0,0,0.0,0.0,0.0,{},8,0.001509,0.121433,0.071665,"[""V1"", ""V2"", ""target""]",[],[],-3.09,3.19,1.7e-05,0.999959,Binario,44.83018867924528,55.16981132075471
1462_banknote-authentication.csv,datasets/binarios/datasets/1462_banknote-authentication.csv,binarios,openml,api_id,banknote-authentication,https://www.openml.org/d/1462,100.0,,1372,5,4,target,nome_conhecido,2,"{""1"": 762, ""0"": 610}","{""1"": 0.555394, ""0"": 0.444606}",1,762,0,610,1.24918,0.991128,4,0,0,0,0,0,0,4,0,0.0,0.0,0.0,{},24,0.017493,0.052464,0.042943,"[""V1"", ""V2"", ""V3"", ""V4"", ""target""]",[],"[""V1"", ""V2"", ""V3"", ""V4""]",-13.7731,17.9274,0.640515,3.780713,Binario,44.460641399416915,55.539358600583085
1466_cardiotocography.csv,datasets/binarios/datasets/1466_cardiotocography.csv,binarios,openml,api_id,cardiotocography,https://www.openml.org/d/1466,100.0,,2126,36,35,target,nome_conhecido,2,"{""0"": 1547, ""1"": 579}","{""0"": 0.727658, ""1"": 0.272342}",0,1547,1,579,2.671848,0.844806,14,21,0,0,21,0,0,0,0,0.0,0.0,0.0,{},11,0.005174,0.584049,0.333604,"[""V1"", ""V2"", ""V3"", ""V4"", ""V5"", ""V6"", ""V7"", ""V8"", ""V9"", ""V10""]",[],[],0.0,3599.0,243.709092,147.579256,Binario,27.234242709313268,72.76575729068674
1475_first-order-theorem-proving.csv,datasets/binarios/datasets/1475_first-order-theorem-proving.csv,binarios,openml,api_id,first-order-theorem-proving,https://www.openml.org/d/1475,100.0,,6118,52,51,target,nome_conhecido,2,"{""0"": 3564, ""1"": 2554}","{""0"": 0.582543, ""1"": 0.417457}",0,3564,1,2554,1.395458,0.98025,51,0,0,0,0,0,0,0,0,0.0,0.0,0.0,{},582,0.095129,2.427311,2.555405,"[""V1"", ""V2"", ""V3"", ""V4"", ""V5"", ""V6"", ""V7"", ""V8"", ""V9"", ""V10""]",[],[],-3.7356,68.461,-0.000551,0.991644,Binario,41.745668519123896,58.2543314808761
1479_hill-valley.csv,datasets/binarios/datasets/1479_hill-valley.csv,binarios,openml,api_id,hill-valley,https://www.openml.org/d/1479,100.0,,1212,101,100,target,nome_conhecido,2,"{""1"": 606, ""0"": 606}","{""1"": 0.5, ""0"": 0.5}",1,606,0,606,1.0,1.0,100,0,0,0,0,0,0,100,0,0.0,0.0,0.0,{},0,0.0,0.934055,0.80029,"[""V1"", ""V2"", ""V3"", ""V4"", ""V5"", ""V6"", ""V7"", ""V8"", ""V9"", ""V10""]",[],"[""V1"", ""V2"", ""V3"", ""V4"", ""V5"", ""V6"", ""V7"", ""V8"", ""V9"", ""V10"", ""V11"", ""V12"", ""V13"", ""V14"", ""V15"", ""V16"", ""V17"", ""V18"", ""V19"", ""V20""]",0.48,156612.07,8174.051208,18000.312938,Binario,50.0,50.0
1485_madelon.csv,datasets/binarios/datasets/1485_madelon.csv,binarios,openml,api_id,madelon,https://www.openml.org/d/1485,100.0,,2600,501,500,target,nome_conhecido,2,"{""0"": 1300, ""1"": 1300}","{""0"": 0.5, ""1"": 0.5}",0,1300,1,1300,1.0,1.0,421,79,0,0,79,0,0,0,0,0.0,0.0,0.0,{},0,0.0,9.938175,7.445901,"[""V1"", ""V2"", ""V3"", ""V4"", ""V5"", ""V6"", ""V7"", ""V8"", ""V9"", ""V10""]",[],[],0.0,999.0,489.881395,28.610661,Binario,50.0,50.0
1489_phoneme.csv,datasets/binarios/datasets/1489_phoneme.csv,binarios,openml,api_id,phoneme,https://www.openml.org/d/1489,100.0,,5404,6,5,target,nome_conhecido,2,"{""1"": 3818, ""0"": 1586}","{""1"": 0.706514, ""0"": 0.293486}",1,3818,0,1586,2.407314,0.873182,5,0,0,0,0,0,0,5,0,0.0,0.0,0.0,{},9,0.001665,0.247501,0.254939,"[""V1"", ""V2"", ""V3"", ""V4"", ""V5"", ""target""]",[],"[""V1"", ""V2"", ""V3"", ""V4"", ""V5""]",-3.038709,4.586666,-0.0,1.0,Binario,29.348630643967432,70.65136935603256
1494_qsar-biodeg.csv,datasets/binarios/datasets/1494_qsar-biodeg.csv,binarios,openml,api_id,qsar-biodeg,https://www.openml.org/d/1494,100.0,,1055,42,41,target,nome_conhecido,2,"{""1"": 699, ""0"": 356}","{""1"": 0.662559, ""0"": 0.337441}",1,699,0,356,1.963483,0.922349,17,24,0,0,24,0,0,2,0,0.0,0.0,0.0,{},3,0.002844,0.338184,0.198353,"[""V1"", ""V2"", ""V3"", ""V4"", ""V5"", ""V6"", ""V7"", ""V8"", ""V9"", ""V10""]",[],"[""V2"", ""V39""]",-5.256,71.167,5.389893,1.82508,Binario,33.74407582938389,66.25592417061611
1496_ringnorm.csv,datasets/binarios/datasets/1496_ringnorm.csv,binarios,openml,api_id,ringnorm,https://www.openml.org/d/1496,100.0,,7400,21,20,target,nome_conhecido,2,"{""1"": 3736, ""0"": 3664}","{""1"": 0.504865, ""0"": 0.495135}",1,3736,0,3664,1.019651,0.999932,20,0,0,0,0,0,0,0,0,0.0,0.0,0.0,{},0,0.0,1.185734,0.962757,"[""V1"", ""V2"", ""V3"", ""V4"", ""V5"", ""V6"", ""V7"", ""V8"", ""V9"", ""V10""]",[],[],-8778.0,7627.0,204.23425,1503.282562,Binario,49.513513513513516,50.486486486486484
1497_wall-robot-navigation.csv,datasets/binarios/datasets/1497_wall-robot-navigation.csv,binarios,openml,api_id,wall-robot-navigation,https://www.openml.org/d/1497,100.0,,5456,25,24,target,nome_conhecido,2,"{""0"": 3251, ""1"": 2205}","{""0"": 0.595858, ""1"": 0.404142}",0,3251,1,2205,1.474376,0.973322,24,0,0,0,0,0,0,0,0,0.0,0.0,0.0,{},0,0.0,1.040775,0.713686,"[""V1"", ""V2"", ""V3"", ""V4"", ""V5"", ""V6"", ""V7"", ""V8"", ""V9"", ""V10""]",[],[],0.34,5.087,2.045792,1.25124,Binario,40.41422287390029,59.58577712609971
1504_steel-plates-fault.csv,datasets/binarios/datasets/1504_steel-plates-fault.csv,binarios,openml,api_id,steel-plates-fault,https://www.openml.org/d/1504,100.0,,1941,34,33,target,nome_conhecido,2,"{""1"": 1268, ""0"": 673}","{""1"": 0.653272, ""0"": 0.346728}",1,1268,0,673,1.884101,0.931112,24,9,0,0,9,0,0,3,0,0.0,0.0,0.0,{},0,0.0,0.50362,0.364964,"[""V1"", ""V2"", ""V3"", ""V4"", ""V5"", ""V6"", ""V7"", ""V8"", ""V9"", ""V10""]",[],"[""V3"", ""V4"", ""V8""]",-0.9989,12987692.0,146362.355939,169524.016875,Binario,34.672849046883044,65.32715095311696
1507_twonorm.csv,datasets/binarios/datasets/1507_twonorm.csv,binarios,openml,api_id,twonorm,https://www.openml.org/d/1507,100.0,,7400,21,20,target,nome_conhecido,2,"{""1"": 3703, ""0"": 3697}","{""1"": 0.500405, ""0"": 0.499595}",1,3703,0,3697,1.001623,1.0,20,0,0,0,0,0,0,20,0,0.0,0.0,0.0,{},0,0.0,1.185734,1.057104,"[""V1"", ""V2"", ""V3"", ""V4"", ""V5"", ""V6"", ""V7"", ""V8"", ""V9"", ""V10""]",[],"[""V1"", ""V2"", ""V3"", ""V4"", ""V5"", ""V6"", ""V7"", ""V8"", ""V9"", ""V10"", ""V11"", ""V12"", ""V13"", ""V14"", ""V15"", ""V16"", ""V17"", ""V18"", ""V19"", ""V20""]",-4.5744,5.6395,0.002311,1.092579,Binario,49.95945945945946,50.04054054054055
1526_wall-robot-navigation.csv,datasets/binarios/datasets/1526_wall-robot-navigation.csv,binarios,openml,api_id,wall-robot-navigation,https://www.openml.org/d/1526,100.0,,5456,5,4,target,nome_conhecido,2,"{""0"": 3251, ""1"": 2205}","{""0"": 0.595858, ""1"": 0.404142}",0,3251,1,2205,1.474376,0.973322,4,0,0,0,0,0,0,0,0,0.0,0.0,0.0,{},50,0.009164,0.208256,0.132879,"[""V1"", ""V2"", ""V3"", ""V4"", ""target""]",[],[],0.34,5.0,1.281771,0.588394,Binario,40.41422287390029,59.58577712609971
1566_hill-valley.csv,datasets/binarios/datasets/1566_hill-valley.csv,binarios,openml,api_id,hill-valley,https://www.openml.org/d/1566,100.0,,1212,101,100,target,nome_conhecido,2,"{""1"": 612, ""0"": 600}","{""1"": 0.50495, ""0"": 0.49505}",1,612,0,600,1.02,0.999929,100,0,0,0,0,0,0,100,0,0.0,0.0,0.0,{},0,0.0,0.934055,1.232428,"[""V1"", ""V2"", ""V3"", ""V4"", ""V5"", ""V6"", ""V7"", ""V8"", ""V9"", ""V10""]",[],"[""V1"", ""V2"", ""V3"", ""V4"", ""V5"", ""V6"", ""V7"", ""V8"", ""V9"", ""V10"", ""V11"", ""V12"", ""V13"", ""V14"", ""V15"", ""V16"", ""V17"", ""V18"", ""V19"", ""V20""]",0.507164,164627.0536,8189.417136,19481.352687,Binario,49.504950495049506,50.495049504950494
182_satimage.csv,datasets/binarios/datasets/182_satimage.csv,binarios,openml,api_id,satimage,https://www.openml.org/d/182,100.0,,6430,37,36,target,nome_conhecido,2,"{""0"": 4899, ""1"": 1531}","{""0"": 0.761897, ""1"": 0.238103}",0,4899,1,1531,3.199869,0.791871,36,0,0,0,0,0,0,0,0,0.0,0.0,0.0,{},0,0.0,1.815235,2.085006,"[""Aattr"", ""Battr"", ""Cattr"", ""Dattr"", ""Eattr"", ""Fattr"", ""A1attr"", ""B2attr"", ""C3attr"", ""D4attr""]",[],[],-2.962511,3.933434,-0.000556,1.000022,Binario,23.81026438569207,76.18973561430793
23_cmc.csv,datasets/binarios/datasets/23_cmc.csv,binarios,openml,api_id,cmc,https://www.openml.org/d/23,100.0,,1473,10,9,target,nome_conhecido,2,"{""0"": 844, ""1"": 629}","{""0"": 0.57298, ""1"": 0.42702}",0,844,1,629,1.341812,0.984577,0,9,0,0,9,0,0,0,0,0.0,0.0,0.0,{},83,0.056348,0.112507,0.035316,"[""Wifes_age"", ""Wifes_education"", ""Husbands_education"", ""Number_of_children_ever_born"", ""Wifes_religion"", ""Wifes_now_working.3F"", ""Husbands_occupation"", ""Standard.of.living_index"", ""Media_exposure"", ""target""]",[],[],,,,,Binario,42.701968771215206,57.298031228784794
28_optdigits.csv,datasets/binarios/datasets/28_optdigits.csv,binarios,openml,api_id,optdigits,https://www.openml.org/d/28,100.0,,5620,63,62,target,nome_conhecido,2,"{""0"": 5048, ""1"": 572}","{""0"": 0.898221, ""1"": 0.101779}",0,5048,1,572,8.825175,0.474611,0,62,0,0,62,0,0,0,0,0.0,0.0,0.0,{},0,0.0,2.701389,1.433607,"[""input2"", ""input3"", ""input4"", ""input5"", ""input6"", ""input7"", ""input8"", ""input9"", ""input10"", ""input11""]",[],[],,,,,Binario,10.177935943060499,89.8220640569395
294_satellite_image.csv,datasets/binarios/datasets/294_satellite_image.csv,binarios,openml,api_id,satellite_image,https://www.openml.org/d/294,100.0,,6435,37,36,target,nome_conhecido,2,"{""0"": 4902, ""1"": 1533}","{""0"": 0.761772, ""1"": 0.238228}",0,4902,1,1533,3.197652,0.792082,31,5,0,0,5,0,0,0,0,0.0,0.0,0.0,{},0,0.0,1.816647,1.169343,"[""attr1"", ""attr2"", ""attr3"", ""attr4"", ""attr5"", ""attr6"", ""attr7"", ""attr8"", ""attr9"", ""attr10""]",[],[],27.0,157.0,85.823135,18.745446,Binario,23.822843822843822,76.17715617715618
30_page-blocks.csv,datasets/binarios/datasets/30_page-blocks.csv,binarios,openml,path_hint,,,,,5473,11,10,target,nome_conhecido,2,"{""1"": 4913, ""0"": 560}","{""1"": 0.89768, ""0"": 0.10232}",1,4913,0,560,8.773214,0.476308,10,0,0,0,0,0,0,0,0,0.0,0.0,0.0,{},70,0.01279,0.459438,0.292396,"[""height"", ""lenght"", ""area"", ""eccen"", ""p_black"", ""p_and"", ""mean_tr"", ""blackpix"", ""blackand"", ""wb_trans""]",[],[],0.007,143993.0,253.327586,840.233619,Binario,10.232048236798832,89.76795176320117
312_scene.csv,datasets/binarios/datasets/312_scene.csv,binarios,openml,api_id,scene,https://www.openml.org/d/312,100.0,,2407,300,299,target,nome_conhecido,2,"{""1"": 1976, ""0"": 431}","{""1"": 0.820939, ""0"": 0.179061}",1,1976,0,431,4.584687,0.678019,294,5,0,0,5,0,0,294,0,0.0,0.0,0.0,{},7,0.002908,5.509312,5.948236,"[""attr1"", ""attr2"", ""attr3"", ""attr4"", ""attr5"", ""attr6"", ""attr7"", ""attr8"", ""attr9"", ""attr10""]",[],"[""attr1"", ""attr2"", ""attr3"", ""attr4"", ""attr5"", ""attr6"", ""attr7"", ""attr8"", ""attr9"", ""attr10"", ""attr11"", ""attr12"", ""attr13"", ""attr14"", ""attr15"", ""attr16"", ""attr17"", ""attr18"", ""attr19"", ""attr20""]",0.0,1.0,0.308269,0.181165,Binario,17.90610718737017,82.09389281262983
375_JapaneseVowels.csv,datasets/binarios/datasets/375_JapaneseVowels.csv,binarios,openml,api_id,JapaneseVowels,https://www.openml.org/d/375,100.0,,9961,15,14,target,nome_conhecido,2,"{""0"": 8347, ""1"": 1614}","{""0"": 0.837968, ""1"": 0.162032}",0,8347,1,1614,5.171623,0.639148,13,1,0,0,1,0,0,12,0,0.0,0.0,0.0,{},0,0.0,1.140072,1.187611,"[""utterance"", ""frame"", ""coefficient1"", ""coefficient2"", ""coefficient3"", ""coefficient4"", ""coefficient5"", ""coefficient6"", ""coefficient7"", ""coefficient8""]",[],"[""coefficient1"", ""coefficient2"", ""coefficient3"", ""coefficient4"", ""coefficient5"", ""coefficient6"", ""coefficient7"", ""coefficient8"", ""coefficient9"", ""coefficient10"", ""coefficient11"", ""coefficient12""]",-1.852765,88.0,1.541744,1.436944,Binario,16.20319245055717,83.79680754944283
40733_yeast.csv,datasets/binarios/datasets/40733_yeast.csv,binarios,openml,path_hint,,,,,1269,9,8,target,nome_conhecido,2,"{""0"": 831, ""1"": 438}","{""0"": 0.654846, ""1"": 0.345154}",0,831,1,438,1.89726,0.929665,8,0,0,0,0,0,0,0,0,0.0,0.0,0.0,{},0,0.0,0.087261,0.095459,"[""V1"", ""V2"", ""V3"", ""V4"", ""V5"", ""V6"", ""V7"", ""V8"", ""target""]",[],[],-9.046379,21.5457,-0.0,1.0,Binario,34.515366430260045,65.48463356973994
44_spambase.csv,datasets/binarios/datasets/44_spambase.csv,binarios,openml,api_id,spambase,https://www.openml.org/d/44,100.0,,4601,58,57,target,nome_conhecido,2,"{""1"": 2788, ""0"": 1813}","{""1"": 0.605955, ""0"": 0.394045}",1,2788,0,1813,1.537783,0.96736,57,0,0,0,0,0,0,0,0,0.0,0.0,0.0,{},391,0.084982,2.036091,1.073586,"[""word_freq_make"", ""word_freq_address"", ""word_freq_all"", ""word_freq_3d"", ""word_freq_our"", ""word_freq_over"", ""word_freq_remove"", ""word_freq_internet"", ""word_freq_order"", ""word_freq_mail""]",[],[],0.0,15841.0,6.15077,15.193998,Binario,39.404477287546186,60.59552271245382
4538_GesturePhaseSegmentationProcessed.csv,datasets/binarios/datasets/4538_GesturePhaseSegmentationProcessed.csv,binarios,openml,api_id,GesturePhaseSegmentationProcessed,https://www.openml.org/d/4538,100.0,,9873,33,32,target,nome_conhecido,2,"{""0"": 6923, ""1"": 2950}","{""0"": 0.701205, ""1"": 0.298795}",0,6923,1,2950,2.34678,0.879813,32,0,0,0,0,0,0,0,0,0.0,0.0,0.0,{},0,0.0,2.485851,2.702826,"[""X1"", ""X2"", ""X3"", ""X4"", ""X5"", ""X6"", ""X7"", ""X8"", ""X9"", ""X10""]",[],[],-0.107258,0.154135,0.00131,0.00534,Binario,29.87946925959688,70.12053074040313
60_waveform-5000.csv,datasets/binarios/datasets/60_waveform-5000.csv,binarios,openml,api_id,waveform-5000,https://www.openml.org/d/60,100.0,,5000,41,40,target,nome_conhecido,2,"{""0"": 3308, ""1"": 1692}","{""0"": 0.6616, ""1"": 0.3384}",0,3308,1,1692,1.955083,0.923279,40,0,0,0,0,0,0,0,0,0.0,0.0,0.0,{},0,0.0,1.564152,1.008914,"[""x1"", ""x2"", ""x3"", ""x4"", ""x5"", ""x6"", ""x7"", ""x8"", ""x9"", ""x10""]",[],[],-3.97,8.82,0.899488,1.271116,Binario,33.839999999999996,66.16
679_rmftsa_sleepdata.csv,datasets/binarios/datasets/679_rmftsa_sleepdata.csv,binarios,openml,api_id,rmftsa_sleepdata,https://www.openml.org/d/679,100.0,,1024,3,2,target,nome_conhecido,2,"{""0"": 620, ""1"": 404}","{""0"": 0.605469, ""1"": 0.394531}",0,620,1,404,1.534653,0.967662,2,0,0,0,0,0,0,0,0,0.0,0.0,0.0,{},483,0.47168,0.023563,0.013278,"[""heart_rate"", ""temperature"", ""target""]",[],[],36.85,187.0,85.629175,7.64228,Binario,39.453125,60.546875
AedesQuinx.csv,datasets/binarios/datasets/AedesQuinx.csv,binarios,desconhecida,nao_encontrado,,,,,24000,28,27,target,nome_conhecido,2,"{""0"": 12000, ""1"": 12000}","{""0"": 0.5, ""1"": 0.5}",0,12000,1,12000,1.0,1.0,26,1,0,0,1,0,0,25,0,0.0,0.0,0.0,{},0,0.0,5.127079,10.306623,"[""wbf"", ""eh_1"", ""eh_2"", ""eh_3"", ""eh_4"", ""eh_5"", ""eh_6"", ""eh_7"", ""eh_8"", ""eh_9""]",[],"[""eh_1"", ""eh_2"", ""eh_3"", ""eh_4"", ""eh_5"", ""eh_6"", ""eh_7"", ""eh_8"", ""eh_9"", ""eh_10"", ""eh_11"", ""eh_12"", ""eh_13"", ""eh_14"", ""eh_15"", ""eh_16"", ""eh_17"", ""eh_18"", ""eh_19"", ""eh_20""]",0.001021,1225.0,20.215416,2.978303,Binario,50.0,50.0
AedesSex.csv,datasets/binarios/datasets/AedesSex.csv,binarios,desconhecida,nao_encontrado,,,,,24000,28,27,target,nome_conhecido,2,"{""0"": 12000, ""1"": 12000}","{""0"": 0.5, ""1"": 0.5}",0,12000,1,12000,1.0,1.0,26,1,0,0,1,0,0,25,0,0.0,0.0,0.0,{},0,0.0,5.127079,10.345076,"[""wbf"", ""eh_1"", ""eh_2"", ""eh_3"", ""eh_4"", ""eh_5"", ""eh_6"", ""eh_7"", ""eh_8"", ""eh_9""]",[],"[""eh_1"", ""eh_2"", ""eh_3"", ""eh_4"", ""eh_5"", ""eh_6"", ""eh_7"", ""eh_8"", ""eh_9"", ""eh_10"", ""eh_11"", ""eh_12"", ""eh_13"", ""eh_14"", ""eh_15"", ""eh_16"", ""eh_17"", ""eh_18"", ""eh_19"", ""eh_20""]",0.003202,1225.0,27.035131,7.081126,Binario,50.0,50.0
ArabicDigit.csv,datasets/binarios/datasets/ArabicDigit.csv,binarios,desconhecida,nao_encontrado,,,,,8800,28,27,target,nome_conhecido,2,"{""1"": 4400, ""0"": 4400}","{""1"": 0.5, ""0"": 0.5}",1,4400,0,4400,1.0,1.0,26,1,0,0,1,0,0,26,0,0.0,0.0,0.0,{},107,0.012159,1.880009,3.651915,"[""mfcc_1_mu"", ""mfcc_1_sd"", ""mfcc_2_mu"", ""mfcc_2_sd"", ""mfcc_3_mu"", ""mfcc_3_sd"", ""mfcc_4_mu"", ""mfcc_4_sd"", ""mfcc_5_mu"", ""mfcc_5_sd""]",[],"[""mfcc_1_mu"", ""mfcc_1_sd"", ""mfcc_2_mu"", ""mfcc_2_sd"", ""mfcc_3_mu"", ""mfcc_3_sd"", ""mfcc_4_mu"", ""mfcc_4_sd"", ""mfcc_5_mu"", ""mfcc_5_sd"", ""mfcc_6_mu"", ""mfcc_6_sd"", ""mfcc_7_mu"", ""mfcc_7_sd"", ""mfcc_8_mu"", ""mfcc_8_sd"", ""mfcc_9_mu"", ""mfcc_9_sd"", ""mfcc_10_mu"", ""mfcc_10_sd""]",-6.656045,5.796923,0.217003,0.438062,Binario,50.0,50.0
BNG.csv,datasets/binarios/datasets/BNG.csv,binarios,desconhecida,nao_encontrado,,,,,39366,10,9,target,nome_conhecido,2,"{""0"": 25820, ""1"": 13546}","{""0"": 0.655896, ""1"": 0.344104}",0,25820,1,13546,1.906098,0.928692,9,0,0,0,0,0,0,0,0,0.0,0.0,0.0,{},6779,0.172204,3.003513,1.998763,"[""V1"", ""V2"", ""V3"", ""V4"", ""V5"", ""V6"", ""V7"", ""V8"", ""V9"", ""target""]",[],[],-0.117818,14.414889,3.128645,2.748796,Binario,34.4104049179495,65.5895950820505
BNG_breast-w.csv,datasets/binarios/datasets/BNG_breast-w.csv,binarios,desconhecida,nao_encontrado,,,,,39366,10,9,target,nome_conhecido,2,"{""0"": 25820, ""1"": 13546}","{""0"": 0.655896, ""1"": 0.344104}",0,25820,1,13546,1.906098,0.928692,9,0,0,0,0,0,0,0,0,0.0,0.0,0.0,{},6779,0.172204,3.003513,1.99888,"[""Clump_Thickness"", ""Cell_Size_Uniformity"", ""Cell_Shape_Uniformity"", ""Marginal_Adhesion"", ""Single_Epi_Cell_Size"", ""Bare_Nuclei"", ""Bland_Chromatin"", ""Normal_Nucleoli"", ""Mitoses"", ""target""]",[],[],-0.117818,14.414889,3.128645,2.748796,Binario,34.4104049179495,65.5895950820505
MagicTelescope.csv,datasets/binarios/datasets/MagicTelescope.csv,binarios,desconhecida,nao_encontrado,,,,,19020,11,10,target,nome_conhecido,2,"{""0"": 12332, ""1"": 6688}","{""0"": 0.64837, ""1"": 0.35163}",0,12332,1,6688,1.8439,0.935515,10,0,0,0,0,0,0,7,0,0.0,0.0,0.0,{},115,0.006046,1.596348,1.409588,"[""fLength:"", ""fWidth:"", ""fSize:"", ""fConc:"", ""fConc1:"", ""fAsym:"", ""fM3Long:"", ""fM3Trans:"", ""fAlpha:"", ""fDist:""]",[],"[""fLength:"", ""fWidth:"", ""fAsym:"", ""fM3Long:"", ""fM3Trans:"", ""fAlpha:"", ""fDist:""]",-457.9161,575.2407,30.677838,29.334586,Binario,35.16298633017876,64.83701366982125
abalone.csv,datasets/binarios/datasets/abalone.csv,binarios,desconhecida,nao_encontrado,,,,,4177,9,8,target,nome_conhecido,2,"{""1"": 2096, ""0"": 2081}","{""1"": 0.501796, ""0"": 0.498204}",1,2096,0,2081,1.007208,0.999991,7,1,0,0,1,0,0,0,0,0.0,0.0,0.0,{},0,0.0,0.286938,0.181068,"[""Sex"", ""Length"", ""Diameter"", ""Height"", ""'Whole"", ""'Shucked"", ""'Viscera"", ""'Shell"", ""target""]",[],[],0.0,2.8255,0.382703,0.174618,Binario,49.82044529566675,50.17955470433325
ailerons.csv,datasets/binarios/datasets/ailerons.csv,binarios,desconhecida,nao_encontrado,,,,,13750,41,40,target,nome_conhecido,2,"{""0"": 7922, ""1"": 5828}","{""0"": 0.576145, ""1"": 0.423855}",0,7922,1,5828,1.3593,0.983205,39,1,0,0,1,0,0,0,0,0.0,0.0,0.0,{},0,0.0,4.301197,2.585836,"[""climbRate"", ""Sgz"", ""p"", ""q"", ""curPitch"", ""curRoll"", ""absRoll"", ""diffClb"", ""diffRollRate"", ""diffDiffClb""]",[],[],-975.0,977.0,-0.589123,7.679611,Binario,42.38545454545454,57.61454545454545
anuranCalls.csv,datasets/binarios/datasets/anuranCalls.csv,binarios,desconhecida,nao_encontrado,,,,,6585,23,22,target,nome_conhecido,2,"{""1"": 4420, ""0"": 2165}","{""1"": 0.671222, ""0"": 0.328778}",1,4420,0,2165,2.04157,0.913672,22,0,0,0,0,0,0,21,0,0.0,0.0,0.0,{},0,0.0,1.155636,2.500996,"[""MFCCs_1"", ""MFCCs_2"", ""MFCCs_3"", ""MFCCs_4"", ""MFCCs_5"", ""MFCCs_6"", ""MFCCs_7"", ""MFCCs_8"", ""MFCCs_9"", ""MFCCs_10""]",[],"[""MFCCs_2"", ""MFCCs_3"", ""MFCCs_4"", ""MFCCs_5"", ""MFCCs_6"", ""MFCCs_7"", ""MFCCs_8"", ""MFCCs_9"", ""MFCCs_10"", ""MFCCs_11"", ""MFCCs_12"", ""MFCCs_13"", ""MFCCs_14"", ""MFCCs_15"", ""MFCCs_16"", ""MFCCs_17"", ""MFCCs_18"", ""MFCCs_19"", ""MFCCs_20"", ""MFCCs_21""]",-0.952266,1.0,0.119432,0.142319,Binario,32.877752467729685,67.12224753227031
balance.1.csv,datasets/binarios/datasets/balance.1.csv,binarios,desconhecida,nao_encontrado,,,,,625,5,4,target,nome_conhecido,2,"{""0"": 337, ""1"": 288}","{""0"": 0.5392, ""1"": 0.4608}",0,337,1,288,1.170139,0.995562,4,0,0,0,0,0,0,0,0,0.0,0.0,0.0,{},0,0.0,0.023968,0.039353,"[""0"", ""1"", ""2"", ""3"", ""target""]",[],[],-1.414214,1.414214,-0.0,1.000801,Binario,46.08,53.92
balance.3.csv,datasets/binarios/datasets/balance.3.csv,binarios,desconhecida,nao_encontrado,,,,,625,5,4,target,nome_conhecido,2,"{""0"": 337, ""1"": 288}","{""0"": 0.5392, ""1"": 0.4608}",0,337,1,288,1.170139,0.995562,4,0,0,0,0,0,0,0,0,0.0,0.0,0.0,{},0,0.0,0.023968,0.039353,"[""0"", ""1"", ""2"", ""3"", ""target""]",[],[],-1.414214,1.414214,-0.0,1.000801,Binario,46.08,53.92
balloon.csv,datasets/binarios/datasets/balloon.csv,binarios,desconhecida,nao_encontrado,,,,,2001,3,2,target,nome_conhecido,2,"{""0"": 1519, ""1"": 482}","{""0"": 0.75912, ""1"": 0.24088}",0,1519,1,482,3.151452,0.7965,2,0,0,0,0,0,0,1,0,0.0,0.0,0.0,{},0,0.0,0.045925,0.021475,"[""id"", ""raw"", ""target""]",[],"[""id""]",0.58,2001.0,501.547901,288.978551,Binario,24.087956021989005,75.91204397801098
bank8FM.csv,datasets/binarios/datasets/bank8FM.csv,binarios,desconhecida,nao_encontrado,,,,,8192,9,8,target,nome_conhecido,2,"{""1"": 4885, ""0"": 3307}","{""1"": 0.596313, ""0"": 0.403687}",1,4885,0,3307,1.47717,0.973066,7,1,0,0,1,0,0,7,0,0.0,0.0,0.0,{},0,0.0,0.562626,0.53381,"[""a1cx"", ""a1cy"", ""b2x"", ""b2y"", ""a2pop"", ""a3pop"", ""temp"", ""mxql"", ""target""]",[],"[""a1cx"", ""a1cy"", ""b2x"", ""b2y"", ""a2pop"", ""a3pop"", ""temp""]",-0.499999,29.7084,0.961049,1.076511,Binario,40.36865234375,59.63134765625
breast-cancer.csv,datasets/binarios/datasets/breast-cancer.csv,binarios,desconhecida,nao_encontrado,,,,,683,10,9,target,nome_conhecido,2,"{""1"": 444, ""0"": 239}","{""1"": 0.650073, ""0"": 0.349927}",1,444,0,239,1.857741,0.934003,9,0,0,0,0,0,0,0,0,0.0,0.0,0.0,{},234,0.342606,0.052235,0.116878,"[""0"", ""1"", ""2"", ""3"", ""4"", ""5"", ""6"", ""7"", ""8"", ""target""]",[],[],-1.221191,4.84969,0.0,1.000733,Binario,34.99267935578331,65.00732064421669
churn.csv,datasets/binarios/datasets/churn.csv,binarios,desconhecida,nao_encontrado,,,,,5000,21,20,target,nome_conhecido,2,"{""0"": 4293, ""1"": 707}","{""0"": 0.8586, ""1"": 0.1414}",0,4293,1,707,6.072136,0.587894,14,6,0,0,6,0,0,1,0,0.0,0.0,0.0,{},0,0.0,0.801212,0.392503,"[""state"", ""account_length"", ""area_code"", ""phone_number"", ""international_plan"", ""voice_mail_plan"", ""number_vmail_messages"", ""total_day_minutes"", ""total_day_calls"", ""total_day_charge""]",[],"[""phone_number""]",0.0,4999.0,255.497741,123.703415,Binario,14.14,85.86
clean2.csv,datasets/binarios/datasets/clean2.csv,binarios,desconhecida,nao_encontrado,,,,,6598,169,168,target,nome_conhecido,2,"{""0"": 5581, ""1"": 1017}","{""0"": 0.845862, ""1"": 0.154138}",0,5581,1,1017,5.487709,0.620099,168,0,0,0,0,0,0,1,0,0.0,0.0,0.0,{},0,0.0,8.507374,4.279628,"[""molecule_name"", ""conformation_name"", ""f1"", ""f2"", ""f3"", ""f4"", ""f5"", ""f6"", ""f7"", ""f8""]",[],"[""conformation_name""]",-471.0,6597.0,-25.466439,96.431588,Binario,15.413761745983631,84.58623825401637
click-prediction.csv,datasets/binarios/datasets/click-prediction.csv,binarios,desconhecida,nao_encontrado,,,,,39948,12,11,target,nome_conhecido,2,"{""1"": 33220, ""0"": 6728}","{""1"": 0.831581, ""0"": 0.168419}",1,33220,0,6728,4.937574,0.654075,9,2,0,0,2,0,0,0,0,0.0,0.0,0.0,{},22,0.000551,3.657475,2.722116,"[""V2"", ""V3"", ""V4"", ""V5"", ""V6"", ""V7"", ""V8"", ""V9"", ""V10"", ""V11""]",[],[],0.0,1.84409431695769e+19,1.0712611576854348e+18,5.5407828109933e+17,Binario,16.841894462801644,83.15810553719835
cmc.1.csv,datasets/binarios/datasets/cmc.1.csv,binarios,desconhecida,nao_encontrado,,,,,1473,10,9,target,nome_conhecido,2,"{""0"": 844, ""1"": 629}","{""0"": 0.57298, ""1"": 0.42702}",0,844,1,629,1.341812,0.984577,9,0,0,0,0,0,0,0,0,0.0,0.0,0.0,{},83,0.056348,0.112507,0.247787,"[""0"", ""1"", ""2"", ""3"", ""4"", ""5"", ""6"", ""7"", ""8"", ""target""]",[],[],-2.977356,5.402879,0.0,1.00034,Binario,42.701968771215206,57.298031228784794
cmc.2.csv,datasets/binarios/datasets/cmc.2.csv,binarios,desconhecida,nao_encontrado,,,,,1473,10,9,target,nome_conhecido,2,"{""0"": 1140, ""1"": 333}","{""0"": 0.773931, ""1"": 0.226069}",0,1140,1,333,3.423423,0.771096,9,0,0,0,0,0,0,0,0,0.0,0.0,0.0,{},70,0.047522,0.112507,0.247787,"[""0"", ""1"", ""2"", ""3"", ""4"", ""5"", ""6"", ""7"", ""8"", ""target""]",[],[],-2.977356,5.402879,0.0,1.00034,Binario,22.606924643584524,77.39307535641548
cmc.3.csv,datasets/binarios/datasets/cmc.3.csv,binarios,desconhecida,nao_encontrado,,,,,1473,10,9,target,nome_conhecido,2,"{""0"": 962, ""1"": 511}","{""0"": 0.653089, ""1"": 0.346911}",0,962,1,511,1.882583,0.931279,9,0,0,0,0,0,0,0,0,0.0,0.0,0.0,{},63,0.04277,0.112507,0.247787,"[""0"", ""1"", ""2"", ""3"", ""4"", ""5"", ""6"", ""7"", ""8"", ""target""]",[],[],-2.977356,5.402879,0.0,1.00034,Binario,34.691106585200274,65.30889341479973
cmc.csv,datasets/binarios/datasets/cmc.csv,binarios,desconhecida,nao_encontrado,,,,,1473,10,9,target,nome_conhecido,2,"{""1"": 844, ""0"": 629}","{""1"": 0.57298, ""0"": 0.42702}",1,844,0,629,1.341812,0.984577,0,9,0,0,9,0,0,0,0,0.0,0.0,0.0,{},83,0.056348,0.112507,0.02956,"[""V1"", ""V2"", ""V3"", ""V4"", ""V5"", ""V6"", ""V7"", ""V8"", ""V9"", ""target""]",[],[],,,,,Binario,42.701968771215206,57.298031228784794
covtype_reduced.csv,datasets/binarios/datasets/covtype_reduced.csv,binarios,desconhecida,nao_encontrado,,,,,8715,55,54,target,nome_conhecido,2,"{""1"": 4486, ""0"": 4229}","{""1"": 0.514745, ""0"": 0.485255}",1,4486,0,4229,1.060771,0.999373,9,45,0,0,45,0,2,0,0,0.0,0.0,0.0,{},0,0.0,3.657085,1.07571,"[""V1"", ""V2"", ""V3"", ""V4"", ""V5"", ""V6"", ""V7"", ""V8"", ""V9"", ""V10""]","[""V21"", ""V29""]",[],-145.0,7168.0,930.613795,404.779004,Binario,48.52553069420539,51.474469305794614
cpu_act.csv,datasets/binarios/datasets/cpu_act.csv,binarios,desconhecida,nao_encontrado,,,,,8192,22,21,target,nome_conhecido,2,"{""0"": 5715, ""1"": 2477}","{""0"": 0.697632, ""1"": 0.302368}",0,5715,1,2477,2.307226,0.884166,21,0,0,0,0,0,0,3,0,0.0,0.0,0.0,{},0,0.0,1.375126,0.760294,"[""lread"", ""lwrite"", ""scall"", ""sread"", ""swrite"", ""fork"", ""exec"", ""rchar"", ""wchar"", ""pgout""]",[],"[""rchar"", ""wchar"", ""freeswap""]",0.0,2526649.0,77423.038926,38448.585309,Binario,30.23681640625,69.76318359375
ctg.1.csv,datasets/binarios/datasets/ctg.1.csv,binarios,desconhecida,nao_encontrado,,,,,2126,22,21,target,nome_conhecido,2,"{""1"": 1655, ""0"": 471}","{""1"": 0.778457, ""0"": 0.221543}",1,1655,0,471,3.5138,0.762975,21,0,0,0,0,0,0,0,0,0.0,0.0,0.0,{},12,0.005644,0.356968,0.843493,"[""0"", ""1"", ""2"", ""3"", ""4"", ""5"", ""6"", ""7"", ""8"", ""9""]",[],[],-4.729191,21.453091,0.0,1.000235,Binario,22.154280338664158,77.84571966133585
ctg.2.csv,datasets/binarios/datasets/ctg.2.csv,binarios,desconhecida,nao_encontrado,,,,,2126,22,21,target,nome_conhecido,2,"{""0"": 1831, ""1"": 295}","{""0"": 0.861242, ""1"": 0.138758}",0,1831,1,295,6.20678,0.580977,21,0,0,0,0,0,0,0,0,0.0,0.0,0.0,{},12,0.005644,0.356968,0.843493,"[""0"", ""1"", ""2"", ""3"", ""4"", ""5"", ""6"", ""7"", ""8"", ""9""]",[],[],-4.729191,21.453091,0.0,1.000235,Binario,13.8758231420508,86.1241768579492
default_credit_card_clients.csv,datasets/binarios/datasets/default_credit_card_clients.csv,binarios,desconhecida,nao_encontrado,,,,,30000,24,23,target,nome_conhecido,2,"{""1"": 23364, ""0"": 6636}","{""1"": 0.7788, ""0"": 0.2212}",1,23364,0,6636,3.520796,0.762353,14,9,0,0,9,0,0,0,0,0.0,0.0,0.0,{},35,0.001167,5.49329,2.573291,"[""LIMIT_BAL"", ""SEX"", ""EDUCATION"", ""MARRIAGE"", ""AGE"", ""PAY_0"", ""PAY_2"", ""PAY_3"", ""PAY_4"", ""PAY_5""]",[],[],-339603.0,1684259.0,33502.347995,45323.789937,Binario,22.12,77.88000000000001
delta_ailerons.csv,datasets/binarios/datasets/delta_ailerons.csv,binarios,desconhecida,nao_encontrado,,,,,7129,6,5,target,nome_conhecido,2,"{""1"": 3783, ""0"": 3346}","{""1"": 0.530649, ""0"": 0.469351}",1,3783,0,3346,1.130604,0.997288,5,0,0,0,0,0,0,0,0,0.0,0.0,0.0,{},0,0.0,0.326466,0.247139,"[""RollRate"", ""PitchRate"", ""currPitch"", ""currRoll"", ""diffRollRate"", ""target""]",[],[],-0.05,0.051,0.002973,0.005904,Binario,46.93505400476925,53.06494599523075
eeg.csv,datasets/binarios/datasets/eeg.csv,binarios,desconhecida,nao_encontrado,,,,,14980,15,14,target,nome_conhecido,2,"{""0"": 8257, ""1"": 6723}","{""0"": 0.551202, ""1"": 0.448798}",0,8257,1,6723,1.228172,0.992422,14,0,0,0,0,0,0,0,0,0.0,0.0,0.0,{},0,0.0,1.714451,1.613346,"[""V1"", ""V2"", ""V3"", ""V4"", ""V5"", ""V6"", ""V7"", ""V8"", ""V9"", ""V10""]",[],[],86.6667,715897.0,4316.882029,1767.288482,Binario,44.879839786381844,55.12016021361815
electricity-normalized.csv,datasets/binarios/datasets/electricity-normalized.csv,binarios,desconhecida,nao_encontrado,,,,,45312,9,8,target,nome_conhecido,2,"{""0"": 26075, ""1"": 19237}","{""0"": 0.575455, ""1"": 0.424545}",0,26075,1,19237,1.355461,0.983509,7,1,0,0,1,0,0,0,0,0.0,0.0,0.0,{},0,0.0,3.111454,2.859344,"[""date"", ""day"", ""period"", ""nswprice"", ""nswdemand"", ""vicprice"", ""vicdemand"", ""transfer"", ""target""]",[],[],0.0,1.0,0.344182,0.160418,Binario,42.45453742937853,57.54546257062147
elevators.csv,datasets/binarios/datasets/elevators.csv,binarios,desconhecida,nao_encontrado,,,,,16599,19,18,target,nome_conhecido,2,"{""1"": 11469, ""0"": 5130}","{""1"": 0.690945, ""0"": 0.309055}",1,11469,0,5130,2.235673,0.892079,17,1,0,0,1,0,0,0,0,0.0,0.0,0.0,{},0,0.0,2.406292,1.569026,"[""climbRate"", ""Sgz"", ""p"", ""q"", ""curRoll"", ""absRoll"", ""diffClb"", ""diffRollRate"", ""diffDiffClb"", ""SaTime1""]",[],[],-993.0,973.0,-1.477168,18.584954,Binario,30.905476233508043,69.09452376649196
file22f0e4a679.csv,datasets/binarios/datasets/file22f0e4a679.csv,binarios,desconhecida,nao_encontrado,,,,,1424,257,256,target,nome_conhecido,2,"{""0"": 716, ""1"": 708}","{""0"": 0.502809, ""1"": 0.497191}",0,716,1,708,1.011299,0.999977,256,0,0,0,0,0,0,194,0,0.0,0.0,0.0,{},0,0.0,2.79224,3.237031,"[""'double1'"", ""'double2'"", ""'double3'"", ""'double4'"", ""'double5'"", ""'double6'"", ""'double7'"", ""'double8'"", ""'double9'"", ""'double10'""]",[],"[""'double4'"", ""'double5'"", ""'double6'"", ""'double7'"", ""'double8'"", ""'double9'"", ""'double10'"", ""'double11'"", ""'double12'"", ""'double13'"", ""'double14'"", ""'double19'"", ""'double20'"", ""'double21'"", ""'double22'"", ""'double23'"", ""'double24'"", ""'double25'"", ""'double26'"", ""'double27'""]",-1.0,0.999989,-0.441423,0.440773,Binario,49.71910112359551,50.28089887640449
file79b563a1a18.csv,datasets/binarios/datasets/file79b563a1a18.csv,binarios,desconhecida,nao_encontrado,,,,,2984,145,144,target,nome_conhecido,2,"{""1"": 1492, ""0"": 1492}","{""1"": 0.5, ""0"": 0.5}",1,1492,0,1492,1.0,1.0,7,137,0,0,137,0,0,0,0,0.0,0.0,0.0,{},0,0.0,3.301212,0.959664,"[""'V1'"", ""'V2'"", ""'V3'"", ""'V4'"", ""'V5'"", ""'V6'"", ""'V7'"", ""'V8'"", ""'V9'"", ""'V10'""]",[],[],-0.931034,9.55422,-0.077441,0.765318,Binario,50.0,50.0
file7b5365fa741c.csv,datasets/binarios/datasets/file7b5365fa741c.csv,binarios,desconhecida,nao_encontrado,,,,,4147,49,48,target,nome_conhecido,2,"{""0"": 3118, ""1"": 1029}","{""0"": 0.751869, ""1"": 0.248131}",0,3118,1,1029,3.030126,0.808303,4,44,0,0,44,0,2,0,0,0.0,0.0,0.0,{},1,0.000241,1.550442,0.418782,"[""'V1'"", ""'V2'"", ""'V3'"", ""'V4'"", ""'V5'"", ""'V6'"", ""'V7'"", ""'V8'"", ""'V9'"", ""'V10'""]","[""'V14'"", ""'V21'""]",[],0.0,999.0,244.631239,103.025664,Binario,24.813117916566192,75.1868820834338
fri_c2_1000_10.csv,datasets/binarios/datasets/fri_c2_1000_10.csv,binarios,desconhecida,nao_encontrado,,,,,1000,11,10,target,nome_conhecido,2,"{""0"": 580, ""1"": 420}","{""0"": 0.58, ""1"": 0.42}",0,580,1,420,1.380952,0.981454,10,0,0,0,0,0,0,10,0,0.0,0.0,0.0,{},0,0.0,0.084049,0.091581,"[""oz1"", ""oz2"", ""oz3"", ""oz4"", ""oz5"", ""oz6"", ""oz7"", ""oz8"", ""oz9"", ""oz10""]",[],"[""oz1"", ""oz2"", ""oz3"", ""oz4"", ""oz5"", ""oz6"", ""oz7"", ""oz8"", ""oz9"", ""oz10""]",-2.202409,3.72686,0.0,1.0,Binario,42.0,57.99999999999999
fried.csv,datasets/binarios/datasets/fried.csv,binarios,desconhecida,nao_encontrado,,,,,40768,11,10,target,nome_conhecido,2,"{""0"": 20427, ""1"": 20341}","{""0"": 0.501055, ""1"": 0.498945}",0,20427,1,20341,1.004228,0.999997,10,0,0,0,0,0,0,0,0,0.0,0.0,0.0,{},0,0.0,3.421513,2.368261,"[""X1"", ""X2"", ""X3"", ""X4"", ""X5"", ""X6"", ""X7"", ""X8"", ""X9"", ""X10""]",[],[],0.0,1.0,0.499704,0.288349,Binario,49.894525117739406,50.105474882260594
german.csv,datasets/binarios/datasets/german.csv,binarios,desconhecida,nao_encontrado,,,,,1000,25,24,target,nome_conhecido,2,"{""1"": 700, ""0"": 300}","{""1"": 0.7, ""0"": 0.3}",1,700,0,300,2.333333,0.881291,24,0,0,0,0,0,0,0,0,0.0,0.0,0.0,{},0,0.0,0.190861,0.453191,"[""0"", ""1"", ""2"", ""3"", ""4"", ""5"", ""6"", ""7"", ""8"", ""9""]",[],[],-3.122929,6.667424,0.0,1.0005,Binario,30.0,70.0
gina_agnostic.csv,datasets/binarios/datasets/gina_agnostic.csv,binarios,desconhecida,nao_encontrado,,,,,3468,971,970,target,nome_conhecido,2,"{""0"": 1763, ""1"": 1705}","{""0"": 0.508362, ""1"": 0.491638}",0,1763,1,1705,1.034018,0.999798,927,43,0,0,43,0,0,0,0,0.0,0.0,0.0,{},0,0.0,25.691563,8.128531,"[""attr0"", ""attr1"", ""attr2"", ""attr3"", ""attr4"", ""attr5"", ""attr6"", ""attr7"", ""attr8"", ""attr9""]",[],[],0.0,255.0,56.422007,80.026373,Binario,49.16378316032296,50.83621683967705
haberman.csv,datasets/binarios/datasets/haberman.csv,binarios,desconhecida,nao_encontrado,,,,,306,4,3,target,nome_conhecido,2,"{""0"": 225, ""1"": 81}","{""0"": 0.735294, ""1"": 0.264706}",0,225,1,81,2.777778,0.833765,3,0,0,0,0,0,0,0,0,0.0,0.0,0.0,{},17,0.055556,0.009464,0.01773,"[""0"", ""1"", ""2"", ""target""]",[],[],-2.08214,6.683554,0.0,1.001638,Binario,26.47058823529412,73.52941176470588
houses.csv,datasets/binarios/datasets/houses.csv,binarios,desconhecida,nao_encontrado,,,,,20640,9,8,target,nome_conhecido,2,"{""0"": 11726, ""1"": 8914}","{""0"": 0.56812, ""1"": 0.43188}",0,11726,1,8914,1.315459,0.986569,8,0,0,0,0,0,0,0,0,0.0,0.0,0.0,{},0,0.0,1.417362,0.827743,"[""median_house_value"", ""median_income"", ""housing_median_age"", ""total_rooms"", ""total_bedrooms"", ""population"", ""households"", ""latitude"", ""target""]",[],[],0.4999,500001.0,26502.829556,14941.23653,Binario,43.18798449612403,56.81201550387597
ionosphere.csv,datasets/binarios/datasets/ionosphere.csv,binarios,desconhecida,nao_encontrado,,,,,351,35,34,target,nome_conhecido,2,"{""0"": 225, ""1"": 126}","{""0"": 0.641026, ""1"": 0.358974}",0,225,1,126,1.785714,0.941829,33,1,0,0,1,0,1,1,0,0.0,0.0,0.0,{},1,0.002849,0.093853,0.219276,"[""0"", ""1"", ""2"", ""3"", ""4"", ""5"", ""6"", ""7"", ""8"", ""9""]","[""1""]","[""27""]",-3.302507,2.167913,-0.0,1.001428,Binario,35.8974358974359,64.1025641025641
iris.2.csv,datasets/binarios/datasets/iris.2.csv,binarios,desconhecida,nao_encontrado,,,,,150,5,4,target,nome_conhecido,2,"{""0"": 100, ""1"": 50}","{""0"": 0.666667, ""1"": 0.333333}",0,100,1,50,2.0,0.918296,4,0,0,0,0,0,0,0,0,0.0,0.0,0.0,{},3,0.02,0.005848,0.011467,"[""0"", ""1"", ""2"", ""3"", ""target""]",[],[],-2.438987,3.114684,-0.0,1.00335,Binario,33.33333333333333,66.66666666666666
iris.3.csv,datasets/binarios/datasets/iris.3.csv,binarios,desconhecida,nao_encontrado,,,,,150,5,4,target,nome_conhecido,2,"{""0"": 100, ""1"": 50}","{""0"": 0.666667, ""1"": 0.333333}",0,100,1,50,2.0,0.918296,4,0,0,0,0,0,0,0,0,0.0,0.0,0.0,{},3,0.02,0.005848,0.011467,"[""0"", ""1"", ""2"", ""3"", ""target""]",[],[],-2.438987,3.114684,-0.0,1.00335,Binario,33.33333333333333,66.66666666666666
jm1-processed.csv,datasets/binarios/datasets/jm1-processed.csv,binarios,desconhecida,nao_encontrado,,,,,10880,22,21,target,nome_conhecido,2,"{""1"": 8777, ""0"": 2103}","{""1"": 0.80671, ""0"": 0.19329}",1,8777,0,2103,4.173562,0.708304,20,1,0,0,1,0,0,0,0,0.0,0.0,0.0,{},1973,0.181342,1.826298,0.999934,"[""V1"", ""V2"", ""V3"", ""V4"", ""V5"", ""V6"", ""V7"", ""V8"", ""V9"", ""V10""]",[],[],0.0,31079782.27,1998.392808,23067.112962,Binario,19.329044117647058,80.67095588235294
kdd_JapaneseVowels.csv,datasets/binarios/datasets/kdd_JapaneseVowels.csv,binarios,desconhecida,nao_encontrado,,,,,9961,15,14,target,nome_conhecido,2,"{""0"": 8347, ""1"": 1614}","{""0"": 0.837968, ""1"": 0.162032}",0,8347,1,1614,5.171623,0.639148,13,1,0,0,1,0,0,12,0,0.0,0.0,0.0,{},0,0.0,1.140072,1.149612,"[""utterance"", ""frame"", ""coefficient1"", ""coefficient2"", ""coefficient3"", ""coefficient4"", ""coefficient5"", ""coefficient6"", ""coefficient7"", ""coefficient8""]",[],"[""coefficient1"", ""coefficient2"", ""coefficient3"", ""coefficient4"", ""coefficient5"", ""coefficient6"", ""coefficient7"", ""coefficient8"", ""coefficient9"", ""coefficient10"", ""coefficient11"", ""coefficient12""]",-1.852765,88.0,1.541744,1.436944,Binario,16.20319245055717,83.79680754944283
kin8nm.csv,datasets/binarios/datasets/kin8nm.csv,binarios,desconhecida,nao_encontrado,,,,,8192,9,8,target,nome_conhecido,2,"{""1"": 4168, ""0"": 4024}","{""1"": 0.508789, ""0"": 0.491211}",1,4168,0,4024,1.035785,0.999777,8,0,0,0,0,0,0,8,0,0.0,0.0,0.0,{},0,0.0,0.562626,0.602467,"[""theta1"", ""theta2"", ""theta3"", ""theta4"", ""theta5"", ""theta6"", ""theta7"", ""theta8"", ""target""]",[],"[""theta1"", ""theta2"", ""theta3"", ""theta4"", ""theta5"", ""theta6"", ""theta7"", ""theta8""]",-1.570681,1.570753,0.002473,0.905281,Binario,49.12109375,50.87890625
letter-recognition.csv,datasets/binarios/datasets/letter-recognition.csv,binarios,desconhecida,nao_encontrado,,,,,20000,17,16,target,nome_conhecido,2,"{""1"": 16122, ""0"": 3878}","{""1"": 0.8061, ""0"": 0.1939}",1,16122,0,3878,4.157298,0.709559,0,16,0,0,16,0,0,0,0,0.0,0.0,0.0,{},1332,0.0666,2.59412,0.679615,"[""V2"", ""V3"", ""V4"", ""V5"", ""V6"", ""V7"", ""V8"", ""V9"", ""V10"", ""V11""]",[],[],,,,,Binario,19.39,80.61
magic.csv,datasets/binarios/datasets/magic.csv,binarios,desconhecida,nao_encontrado,,,,,19020,11,10,target,nome_conhecido,2,"{""0"": 12332, ""1"": 6688}","{""0"": 0.64837, ""1"": 0.35163}",0,12332,1,6688,1.8439,0.935515,10,0,0,0,0,0,0,7,0,0.0,0.0,0.0,{},115,0.006046,1.596348,1.409541,"[""V1"", ""V2"", ""V3"", ""V4"", ""V5"", ""V6"", ""V7"", ""V8"", ""V9"", ""V10""]",[],"[""V1"", ""V2"", ""V6"", ""V7"", ""V8"", ""V9"", ""V10""]",-457.9161,575.2407,30.677838,29.334586,Binario,35.16298633017876,64.83701366982125
mammographic.csv,datasets/binarios/datasets/mammographic.csv,binarios,desconhecida,nao_encontrado,,,,,830,6,5,target,nome_conhecido,2,"{""0"": 427, ""1"": 403}","{""0"": 0.514458, ""1"": 0.485542}",0,427,1,403,1.059553,0.999397,5,0,0,0,0,0,0,0,0,0.0,0.0,0.0,{},266,0.320482,0.03812,0.079673,"[""0"", ""1"", ""2"", ""3"", ""4"", ""target""]",[],[],-5.462015,26.814924,0.0,1.000603,Binario,48.554216867469876,51.445783132530124
mozilla.csv,datasets/binarios/datasets/mozilla.csv,binarios,desconhecida,nao_encontrado,,,,,15545,6,5,target,nome_conhecido,2,"{""0"": 10437, ""1"": 5108}","{""0"": 0.671406, ""1"": 0.328594}",0,10437,1,5108,2.043265,0.913484,4,1,0,0,1,0,0,0,0,0.0,0.0,0.0,{},0,0.0,0.71172,0.371224,"[""V1"", ""V2"", ""V3"", ""V4"", ""V5"", ""target""]",[],[],0.0,1965873.0,276998.061821,275069.306238,Binario,32.859440334512705,67.1405596654873
namao.csv,datasets/binarios/datasets/namao.csv,binarios,desconhecida,nao_encontrado,,,,,34465,119,118,target,nome_conhecido,2,"{""1"": 24621, ""0"": 9844}","{""1"": 0.714377, ""0"": 0.285623}",1,24621,0,9844,2.501117,0.863,89,29,0,0,29,0,0,0,0,0.0,0.0,0.0,{},2403,0.069723,31.290829,21.553444,"[""V1"", ""V2"", ""V3"", ""V4"", ""V5"", ""V6"", ""V7"", ""V8"", ""V9"", ""V10""]",[],[],0.0,1.0,0.793446,0.178223,Binario,28.562309589438563,71.43769041056144
occupancy.csv,datasets/binarios/datasets/occupancy.csv,binarios,desconhecida,nao_encontrado,,,,,20560,6,5,target,nome_conhecido,2,"{""1"": 15810, ""0"": 4750}","{""1"": 0.768969, ""0"": 0.231031}",1,15810,0,4750,3.328421,0.779804,5,0,0,0,0,0,0,0,0,0.0,0.0,0.0,{},1441,0.070088,0.941288,0.919477,"[""Temperature"", ""Humidity"", ""Light"", ""CO2"", ""HumidityRatio"", ""target""]",[],[],0.0,2076.5,173.975253,105.534078,Binario,23.103112840466927,76.89688715953308
page-blocks.csv,datasets/binarios/datasets/page-blocks.csv,binarios,desconhecida,nao_encontrado,,,,,5473,11,10,target,nome_conhecido,2,"{""1"": 4913, ""0"": 560}","{""1"": 0.89768, ""0"": 0.10232}",1,4913,0,560,8.773214,0.476308,10,0,0,0,0,0,0,0,0,0.0,0.0,0.0,{},70,0.01279,0.459438,0.229762,"[""height"", ""lenght"", ""area"", ""eccen"", ""p_black"", ""p_and"", ""mean_tr"", ""blackpix"", ""blackand"", ""wb_trans""]",[],[],0.007,143993.0,253.327586,840.233619,Binario,10.232048236798832,89.76795176320117
pendigits.csv,datasets/binarios/datasets/pendigits.csv,binarios,desconhecida,nao_encontrado,,,,,10992,17,16,target,nome_conhecido,2,"{""0"": 9848, ""1"": 1144}","{""0"": 0.895924, ""1"": 0.104076}",0,9848,1,1144,8.608392,0.481784,16,0,0,0,0,0,0,0,0,0.0,0.0,0.0,{},0,0.0,1.425785,0.514745,"[""input1"", ""input2"", ""input3"", ""input4"", ""input5"", ""input6"", ""input7"", ""input8"", ""input9"", ""input10""]",[],[],0.0,100.0,50.711046,29.774238,Binario,10.407569141193596,89.59243085880641
phoneme.csv,datasets/binarios/datasets/phoneme.csv,binarios,desconhecida,nao_encontrado,,,,,5404,6,5,target,nome_conhecido,2,"{""0"": 3818, ""1"": 1586}","{""0"": 0.706514, ""1"": 0.293486}",0,3818,1,1586,2.407314,0.873182,5,0,0,0,0,0,0,5,0,0.0,0.0,0.0,{},9,0.001665,0.247501,0.254939,"[""V1"", ""V2"", ""V3"", ""V4"", ""V5"", ""target""]",[],"[""V1"", ""V2"", ""V3"", ""V4"", ""V5""]",-3.038709,4.586666,-0.0,1.0,Binario,29.348630643967432,70.65136935603256
php50jXam.csv,datasets/binarios/datasets/php50jXam.csv,binarios,desconhecida,nao_encontrado,,,,,1372,5,4,target,nome_conhecido,2,"{""1"": 762, ""0"": 610}","{""1"": 0.555394, ""0"": 0.444606}",1,762,0,610,1.24918,0.991128,4,0,0,0,0,0,0,4,0,0.0,0.0,0.0,{},24,0.017493,0.052464,0.042943,"[""V1"", ""V2"", ""V3"", ""V4"", ""target""]",[],"[""V1"", ""V2"", ""V3"", ""V4""]",-13.7731,17.9274,0.640515,3.780713,Binario,44.460641399416915,55.539358600583085
phpGUrE90.csv,datasets/binarios/datasets/phpGUrE90.csv,binarios,desconhecida,nao_encontrado,,,,,1055,42,41,target,nome_conhecido,2,"{""0"": 699, ""1"": 356}","{""0"": 0.662559, ""1"": 0.337441}",0,699,1,356,1.963483,0.922349,17,24,0,0,24,0,0,2,0,0.0,0.0,0.0,{},3,0.002844,0.338184,0.150059,"[""V1"", ""V2"", ""V3"", ""V4"", ""V5"", ""V6"", ""V7"", ""V8"", ""V9"", ""V10""]",[],"[""V2"", ""V39""]",-5.256,71.167,5.389893,1.82508,Binario,33.74407582938389,66.25592417061611
phpMD2hR6.csv,datasets/binarios/datasets/phpMD2hR6.csv,binarios,desconhecida,nao_encontrado,,,,,88588,7,6,target,nome_conhecido,2,"{""1"": 44365, ""0"": 44223}","{""1"": 0.500801, ""0"": 0.499199}",1,44365,0,44223,1.003211,0.999998,6,0,0,0,0,0,0,0,0,0.0,0.0,0.0,{},0,0.0,4.731236,3.967355,"[""acceleration_x"", ""acceleration_y"", ""acceleration_z"", ""gyro_x"", ""gyro_y"", ""gyro_z"", ""target""]",[],[],-94.8,112.662,-0.862429,10.249285,Binario,49.91985370479072,50.08014629520928
phpWfYmlu.csv,datasets/binarios/datasets/phpWfYmlu.csv,binarios,desconhecida,nao_encontrado,,,,,7400,21,20,target,nome_conhecido,2,"{""0"": 3736, ""1"": 3664}","{""0"": 0.504865, ""1"": 0.495135}",0,3736,1,3664,1.019651,0.999932,20,0,0,0,0,0,0,0,0,0.0,0.0,0.0,{},0,0.0,1.185734,0.68047,"[""V1"", ""V2"", ""V3"", ""V4"", ""V5"", ""V6"", ""V7"", ""V8"", ""V9"", ""V10""]",[],[],-8778.0,7627.0,204.23425,1503.282562,Binario,49.513513513513516,50.486486486486484
phphQEck0.csv,datasets/binarios/datasets/phphQEck0.csv,binarios,desconhecida,nao_encontrado,,,,,245057,4,3,target,nome_conhecido,2,"{""1"": 194198, ""0"": 50859}","{""1"": 0.792461, ""0"": 0.207539}",1,194198,0,50859,3.818361,0.736753,3,0,0,0,0,0,0,0,0,0.0,0.0,0.0,{},193613,0.790073,7.478672,3.009583,"[""V1"", ""V2"", ""V3"", ""target""]",[],[],0.0,255.0,126.916641,64.919672,Binario,20.753947040892527,79.24605295910747
phplE7q6h.csv,datasets/binarios/datasets/phplE7q6h.csv,binarios,desconhecida,nao_encontrado,,,,,14980,15,14,target,nome_conhecido,2,"{""1"": 8257, ""0"": 6723}","{""1"": 0.551202, ""0"": 0.448798}",1,8257,0,6723,1.228172,0.992422,14,0,0,0,0,0,0,0,0,0.0,0.0,0.0,{},0,0.0,1.714451,1.613346,"[""V1"", ""V2"", ""V3"", ""V4"", ""V5"", ""V6"", ""V7"", ""V8"", ""V9"", ""V10""]",[],[],86.6667,715897.0,4316.882029,1767.288482,Binario,44.879839786381844,55.12016021361815
phpwRjVjk.csv,datasets/binarios/datasets/phpwRjVjk.csv,binarios,desconhecida,nao_encontrado,,,,,5300,3,2,target,nome_conhecido,2,"{""0"": 2924, ""1"": 2376}","{""0"": 0.551698, ""1"": 0.448302}",0,2924,1,2376,1.23064,0.992274,2,0,0,0,0,0,0,0,0,0.0,0.0,0.0,{},8,0.001509,0.121433,0.071665,"[""V1"", ""V2"", ""target""]",[],[],-3.09,3.19,1.7e-05,0.999959,Binario,44.83018867924528,55.16981132075471
phpxijhaP.csv,datasets/binarios/datasets/phpxijhaP.csv,binarios,desconhecida,nao_encontrado,,,,,7400,21,20,target,nome_conhecido,2,"{""1"": 3703, ""0"": 3697}","{""1"": 0.500405, ""0"": 0.499595}",1,3703,0,3697,1.001623,1.0,20,0,0,0,0,0,0,20,0,0.0,0.0,0.0,{},0,0.0,1.185734,1.057104,"[""V1"", ""V2"", ""V3"", ""V4"", ""V5"", ""V6"", ""V7"", ""V8"", ""V9"", ""V10""]",[],"[""V1"", ""V2"", ""V3"", ""V4"", ""V5"", ""V6"", ""V7"", ""V8"", ""V9"", ""V10"", ""V11"", ""V12"", ""V13"", ""V14"", ""V15"", ""V16"", ""V17"", ""V18"", ""V19"", ""V20""]",-4.5744,5.6395,0.002311,1.092579,Binario,49.95945945945946,50.04054054054055
pol.csv,datasets/binarios/datasets/pol.csv,binarios,desconhecida,nao_encontrado,,,,,15000,49,48,target,nome_conhecido,2,"{""1"": 9959, ""0"": 5041}","{""1"": 0.663933, ""0"": 0.336067}",1,9959,0,5041,1.9756,0.921005,22,26,0,0,26,0,22,0,0,0.0,0.0,0.0,{},42,0.0028,5.607731,1.636929,"[""f1"", ""f2"", ""f3"", ""f4"", ""f5"", ""f6"", ""f7"", ""f8"", ""f9"", ""f10""]","[""f1"", ""f2"", ""f3"", ""f4"", ""f10"", ""f11"", ""f12"", ""f34"", ""f35"", ""f36"", ""f37"", ""f38"", ""f39"", ""f40"", ""f41"", ""f42"", ""f43"", ""f44"", ""f45"", ""f46""]",[],0.0,200.0,23.681394,13.692879,Binario,33.60666666666667,66.39333333333333
pollen.csv,datasets/binarios/datasets/pollen.csv,binarios,desconhecida,nao_encontrado,,,,,3848,6,5,target,nome_conhecido,2,"{""1"": 1924, ""0"": 1924}","{""1"": 0.5, ""0"": 0.5}",1,1924,0,1924,1.0,1.0,5,0,0,0,0,0,0,5,0,0.0,0.0,0.0,{},0,0.0,0.176273,0.145684,"[""RIDGE"", ""NUB"", ""CRACK"", ""WEIGHT"", ""DENSITY"", ""target""]",[],"[""RIDGE"", ""NUB"", ""CRACK"", ""WEIGHT"", ""DENSITY""]",-34.0352,35.8028,0.000806,6.529446,Binario,50.0,50.0
puma32H.csv,datasets/binarios/datasets/puma32H.csv,binarios,desconhecida,nao_encontrado,,,,,8192,33,32,target,nome_conhecido,2,"{""1"": 4128, ""0"": 4064}","{""1"": 0.503906, ""0"": 0.496094}",1,4128,0,4064,1.015748,0.999956,32,0,0,0,0,0,0,32,0,0.0,0.0,0.0,{},0,0.0,2.062626,2.338445,"[""theta1"", ""theta2"", ""theta3"", ""theta4"", ""theta5"", ""theta6"", ""thetad1"", ""thetad2"", ""thetad3"", ""thetad4""]",[],"[""theta1"", ""theta2"", ""theta3"", ""theta4"", ""theta5"", ""theta6"", ""thetad1"", ""thetad2"", ""thetad3"", ""thetad4"", ""thetad5"", ""thetad6"", ""tau1"", ""tau2"", ""tau3"", ""tau4"", ""tau5"", ""dm1"", ""dm2"", ""dm3""]",-74.999533,74.996991,0.660609,7.586924,Binario,49.609375,50.390625
puma8NH.csv,datasets/binarios/datasets/puma8NH.csv,binarios,desconhecida,nao_encontrado,,,,,8192,9,8,target,nome_conhecido,2,"{""1"": 4114, ""0"": 4078}","{""1"": 0.502197, ""0"": 0.497803}",1,4114,0,4078,1.008828,0.999986,8,0,0,0,0,0,0,8,0,0.0,0.0,0.0,{},0,0.0,0.562626,0.60225,"[""theta1"", ""theta2"", ""theta3"", ""thetad1"", ""thetad2"", ""thetad3"", ""tau1"", ""tau2"", ""target""]",[],"[""theta1"", ""theta2"", ""theta3"", ""thetad1"", ""thetad2"", ""thetad3"", ""tau1"", ""tau2""]",-1.884785,1.884923,0.002657,0.901609,Binario,49.7802734375,50.2197265625
quake.csv,datasets/binarios/datasets/quake.csv,binarios,desconhecida,nao_encontrado,,,,,2178,4,3,target,nome_conhecido,2,"{""1"": 1209, ""0"": 969}","{""1"": 0.555096, ""0"": 0.444904}",1,1209,0,969,1.247678,0.991223,3,0,0,0,0,0,0,2,0,0.0,0.0,0.0,{},3,0.001377,0.066593,0.037497,"[""focal_depth"", ""latitude"", ""longitude"", ""target""]",[],"[""latitude"", ""longitude""]",-179.96,656.0,45.745598,88.629653,Binario,44.490358126721766,55.509641873278234
sonar.csv,datasets/binarios/datasets/sonar.csv,binarios,desconhecida,nao_encontrado,,,,,208,61,60,target,nome_conhecido,2,"{""0"": 111, ""1"": 97}","{""0"": 0.533654, ""1"": 0.466346}",0,111,1,97,1.14433,0.99673,60,0,0,0,0,0,0,49,0,0.0,0.0,0.0,{},0,0.0,0.096928,0.234789,"[""0"", ""1"", ""2"", ""3"", ""4"", ""5"", ""6"", ""7"", ""8"", ""9""]",[],"[""0"", ""1"", ""2"", ""3"", ""4"", ""5"", ""6"", ""7"", ""8"", ""9"", ""10"", ""11"", ""12"", ""13"", ""14"", ""15"", ""16"", ""17"", ""18"", ""19""]",-2.813072,8.025419,0.0,1.002413,Binario,46.63461538461539,53.36538461538461
space_ga.csv,datasets/binarios/datasets/space_ga.csv,binarios,desconhecida,nao_encontrado,,,,,3107,7,6,target,nome_conhecido,2,"{""0"": 1566, ""1"": 1541}","{""0"": 0.504023, ""1"": 0.495977}",0,1566,1,1541,1.016223,0.999953,6,0,0,0,0,0,0,6,0,0.0,0.0,0.0,{},0,0.0,0.166058,0.175773,"[""ln(VOTES/POP)"", ""POP"", ""EDUCATION"", ""HOUSES"", ""INCOME"", ""XCOORD"", ""target""]",[],"[""ln(VOTES/POP)"", ""POP"", ""EDUCATION"", ""HOUSES"", ""INCOME"", ""XCOORD""]",-124229902.0,17.943991,-15273134.720529,1912616.011723,Binario,49.59768265207596,50.40231734792404
spambase(1).csv,datasets/binarios/datasets/spambase(1).csv,binarios,desconhecida,nao_encontrado,,,,,4601,58,57,target,nome_conhecido,2,"{""0"": 2788, ""1"": 1813}","{""0"": 0.605955, ""1"": 0.394045}",0,2788,1,1813,1.537783,0.96736,57,0,0,0,0,0,0,0,0,0.0,0.0,0.0,{},391,0.084982,2.036091,5.116379,"[""0"", ""1"", ""2"", ""3"", ""4"", ""5"", ""6"", ""7"", ""8"", ""9""]",[],[],-0.936242,50.992049,0.0,1.000109,Binario,39.404477287546186,60.59552271245382
spambase.csv,datasets/binarios/datasets/spambase.csv,binarios,desconhecida,nao_encontrado,,,,,4601,58,57,target,nome_conhecido,2,"{""1"": 2788, ""0"": 1813}","{""1"": 0.605955, ""0"": 0.394045}",1,2788,0,1813,1.537783,0.96736,57,0,0,0,0,0,0,0,0,0.0,0.0,0.0,{},391,0.084982,2.036091,1.055366,"[""V1"", ""V2"", ""V3"", ""V4"", ""V5"", ""V6"", ""V7"", ""V8"", ""V9"", ""V10""]",[],[],0.0,15841.0,6.15077,15.193998,Binario,39.404477287546186,60.59552271245382
spectf.csv,datasets/binarios/datasets/spectf.csv,binarios,desconhecida,nao_encontrado,,,,,267,45,44,target,nome_conhecido,2,"{""0"": 212, ""1"": 55}","{""0"": 0.794007, ""1"": 0.205993}",0,212,1,55,3.854545,0.733752,44,0,0,0,0,0,0,0,0,0.0,0.0,0.0,{},0,0.0,0.091793,0.220176,"[""0"", ""1"", ""2"", ""3"", ""4"", ""5"", ""6"", ""7"", ""8"", ""9""]",[],[],-8.183357,2.645691,-0.0,1.001878,Binario,20.59925093632959,79.40074906367042
tictactoe.csv,datasets/binarios/datasets/tictactoe.csv,binarios,desconhecida,nao_encontrado,,,,,958,10,9,target,nome_conhecido,2,"{""0"": 626, ""1"": 332}","{""0"": 0.653445, ""1"": 0.346555}",0,626,1,332,1.885542,0.930954,9,0,0,0,0,0,0,0,0,0.0,0.0,0.0,{},0,0.0,0.073215,0.161845,"[""0"", ""1"", ""2"", ""3"", ""4"", ""5"", ""6"", ""7"", ""8"", ""target""]",[],[],-1.241994,1.10683,-0.0,1.000522,Binario,34.65553235908142,65.34446764091858
transfusion.csv,datasets/binarios/datasets/transfusion.csv,binarios,desconhecida,nao_encontrado,,,,,748,5,4,target,nome_conhecido,2,"{""0"": 570, ""1"": 178}","{""0"": 0.762032, ""1"": 0.237968}",0,570,1,178,3.202247,0.791645,4,0,0,0,0,0,0,0,0,0.0,0.0,0.0,{},215,0.287433,0.02866,0.057663,"[""0"", ""1"", ""2"", ""3"", ""target""]",[],[],-1.325186,7.971997,-0.0,1.000669,Binario,23.796791443850267,76.20320855614973
visualizing_soil.csv,datasets/binarios/datasets/visualizing_soil.csv,binarios,desconhecida,nao_encontrado,,,,,8641,5,4,target,nome_conhecido,2,"{""1"": 4753, ""0"": 3888}","{""1"": 0.550052, ""0"": 0.449948}",1,4753,0,3888,1.222479,0.992759,3,1,0,0,1,0,0,1,0,0.0,0.0,0.0,{},0,0.0,0.329754,0.194217,"[""northing"", ""easting"", ""resistivity"", ""isns"", ""target""]",[],"[""northing""]",-0.01,166.01,17.852377,10.115508,Binario,44.99479226941327,55.00520773058673
wind.csv,datasets/binarios/datasets/wind.csv,binarios,desconhecida,nao_encontrado,,,,,6574,15,14,target,nome_conhecido,2,"{""1"": 3501, ""0"": 3073}","{""1"": 0.532552, ""0"": 0.467448}",1,3501,0,3073,1.139278,0.99694,11,3,0,0,3,0,0,0,0,0.0,0.0,0.0,{},0,0.0,0.75246,0.431187,"[""year"", ""month"", ""day"", ""RPT"", ""VAL"", ""ROS"", ""KIL"", ""SHA"", ""BIR"", ""DUB""]",[],[],0.0,42.38,9.740093,4.762592,Binario,46.74475205354426,53.25524794645573
wine-q-red.csv,datasets/binarios/datasets/wine-q-red.csv,binarios,desconhecida,nao_encontrado,,,,,1599,12,11,target,nome_conhecido,2,"{""1"": 855, ""0"": 744}","{""1"": 0.534709, ""0"": 0.465291}",1,855,0,744,1.149194,0.996521,11,0,0,0,0,0,0,0,0,0.0,0.0,0.0,{},240,0.150094,0.146519,0.335092,"[""0"", ""1"", ""2"", ""3"", ""4"", ""5"", ""6"", ""7"", ""8"", ""9""]",[],[],-3.700401,11.127035,0.0,1.000313,Binario,46.52908067542214,53.47091932457786
wine-q-white.csv,datasets/binarios/datasets/wine-q-white.csv,binarios,desconhecida,nao_encontrado,,,,,4898,12,11,target,nome_conhecido,2,"{""1"": 3258, ""0"": 1640}","{""1"": 0.665169, ""0"": 0.334831}",1,3258,0,1640,1.986585,0.919786,11,0,0,0,0,0,0,0,0,0.0,0.0,0.0,{},937,0.191303,0.448551,1.020661,"[""0"", ""1"", ""2"", ""3"", ""4"", ""5"", ""6"", ""7"", ""8"", ""9""]",[],[],-3.620351,15.031298,0.0,1.000102,Binario,33.483054307880764,66.51694569211924
wine.1.csv,datasets/binarios/datasets/wine.1.csv,binarios,desconhecida,nao_encontrado,,,,,178,14,13,target,nome_conhecido,2,"{""0"": 119, ""1"": 59}","{""0"": 0.668539, ""1"": 0.331461}",0,119,1,59,2.016949,0.916412,13,0,0,0,0,0,0,0,0,0.0,0.0,0.0,{},0,0.0,0.019138,0.043724,"[""0"", ""1"", ""2"", ""3"", ""4"", ""5"", ""6"", ""7"", ""8"", ""9""]",[],[],-3.679162,4.371372,-0.0,1.002821,Binario,33.146067415730336,66.85393258426966
wine.2.csv,datasets/binarios/datasets/wine.2.csv,binarios,desconhecida,nao_encontrado,,,,,178,14,13,target,nome_conhecido,2,"{""0"": 107, ""1"": 71}","{""0"": 0.601124, ""1"": 0.398876}",0,107,1,71,1.507042,0.97029,13,0,0,0,0,0,0,0,0,0.0,0.0,0.0,{},0,0.0,0.019138,0.043724,"[""0"", ""1"", ""2"", ""3"", ""4"", ""5"", ""6"", ""7"", ""8"", ""9""]",[],[],-3.679162,4.371372,-0.0,1.002821,Binario,39.8876404494382,60.1123595505618
wine.3.csv,datasets/binarios/datasets/wine.3.csv,binarios,desconhecida,nao_encontrado,,,,,178,14,13,target,nome_conhecido,2,"{""0"": 130, ""1"": 48}","{""0"": 0.730337, ""1"": 0.269663}",0,130,1,48,2.708333,0.840981,13,0,0,0,0,0,0,0,0,0.0,0.0,0.0,{},0,0.0,0.019138,0.043724,"[""0"", ""1"", ""2"", ""3"", ""4"", ""5"", ""6"", ""7"", ""8"", ""9""]",[],[],-3.679162,4.371372,-0.0,1.002821,Binario,26.96629213483146,73.03370786516854
winetype.csv,datasets/binarios/datasets/winetype.csv,binarios,desconhecida,nao_encontrado,,,,,6497,13,12,target,nome_conhecido,2,"{""1"": 4898, ""0"": 1599}","{""1"": 0.753886, ""0"": 0.246114}",1,4898,0,1599,3.063164,0.80506,11,1,0,0,1,0,0,0,0,0.0,0.0,0.0,{},1177,0.181161,0.644512,0.374071,"[""fixed_acidity"", ""volatile_acidity"", ""citric_acid"", ""residual_sugar"", ""chlorides"", ""free_sulfur_dioxide"", ""total_sulfur_dioxide"", ""density"", ""pH"", ""sulphates""]",[],[],0.0,440.0,15.898094,7.470526,Binario,24.611359088810218,75.38864091118978
yeast.csv,datasets/binarios/datasets/yeast.csv,binarios,desconhecida,nao_encontrado,,,,,1484,9,8,target,nome_conhecido,2,"{""0"": 1055, ""1"": 429}","{""0"": 0.710916, ""1"": 0.289084}",0,1055,1,429,2.459207,0.867534,8,0,0,0,0,0,0,0,0,0.0,0.0,0.0,{},31,0.020889,0.102024,0.229894,"[""0"", ""1"", ""2"", ""3"", ""4"", ""5"", ""6"", ""7"", ""target""]",[],[],-8.651963,10.87141,0.0,1.000337,Binario,28.90835579514825,71.09164420485176
IRIS.csv,datasets/multiclasse/kaggle/IRIS.csv,multiclasse,kaggle,path_hint,,,,,150,5,4,class,nome_conhecido,3,"{""Iris-setosa"": 50, ""Iris-versicolor"": 50, ""Iris-virginica"": 50}","{""Iris-setosa"": 0.333333, ""Iris-versicolor"": 0.333333, ""Iris-virginica"": 0.333333}",Iris-setosa,50,Iris-virginica,50,1.0,1.584963,4,0,0,0,0,0,0,0,0,0.0,0.0,0.0,{},3,0.02,0.007755,0.004401,"[""sepal_length"", ""sepal_width"", ""petal_length"", ""petal_width"", ""class""]",[],[],0.1,7.9,3.463667,0.94731,Multiclasse,33.33333333333333,33.33333333333333
customer_segmentation.csv,datasets/multiclasse/kaggle/customer_segmentation.csv,multiclasse,kaggle,path_hint,,,,,8068,11,10,class,nome_conhecido,4,"{""D"": 2268, ""A"": 1972, ""C"": 1970, ""B"": 1858}","{""D"": 0.281111, ""A"": 0.244422, ""C"": 0.244175, ""B"": 0.230293}",D,2268,B,1858,1.220667,1.995976,2,8,0,6,2,0,0,1,1582,0.017826,0.019608,0.102752,"{""Work_Experience"": 829, ""Family_Size"": 335, ""Ever_Married"": 140, ""Profession"": 124, ""Graduated"": 78}",0,0.0,0.89737,0.405657,"[""ID"", ""Gender"", ""Ever_Married"", ""Age"", ""Graduated"", ""Profession"", ""Work_Experience"", ""Spending_Score"", ""Family_Size"", ""Var_1""]",[],"[""ID""]",18.0,467974.0,231761.340729,1306.046464,Multiclasse,23.029251363411007,28.11105602379772
fashion-mnist.csv,datasets/multiclasse/kaggle/fashion-mnist.csv,multiclasse,kaggle,path_hint,,,,,70000,785,784,class,nome_conhecido,10,"{""2"": 7000, ""9"": 7000, ""6"": 7000, ""0"": 7000, ""3"": 7000, ""4"": 7000, ""5"": 7000, ""8"": 7000, ""7"": 7000, ""1"": 7000}","{""2"": 0.1, ""9"": 0.1, ""6"": 0.1, ""0"": 0.1, ""3"": 0.1, ""4"": 0.1, ""5"": 0.1, ""8"": 0.1, ""7"": 0.1, ""1"": 0.1}",2,7000,1,7000,1.0,3.321928,775,9,0,0,9,0,0,0,0,0.0,0.0,0.0,{},53,0.000757,419.235355,148.093158,"[""class"", ""pixel1"", ""pixel2"", ""pixel3"", ""pixel4"", ""pixel5"", ""pixel6"", ""pixel7"", ""pixel8"", ""pixel9""]",[],[],0.0,255.0,73.833298,70.862409,Multiclasse,10.0,10.0
fashion-mnist_test.csv,datasets/multiclasse/kaggle/fashionmnist/fashion-mnist_test.csv,multiclasse,kaggle,path_hint,,,,,10000,785,784,label,nome_conhecido,10,"{""0"": 1000, ""1"": 1000, ""2"": 1000, ""3"": 1000, ""8"": 1000, ""6"": 1000, ""5"": 1000, ""4"": 1000, ""7"": 1000, ""9"": 1000}","{""0"": 0.1, ""1"": 0.1, ""2"": 0.1, ""3"": 0.1, ""8"": 0.1, ""6"": 0.1, ""5"": 0.1, ""4"": 0.1, ""7"": 0.1, ""9"": 0.1}",0,1000,9,1000,1.0,3.321928,758,26,0,0,26,0,0,0,0,0.0,0.0,0.0,{},1,0.0001,59.890873,21.149341,"[""label"", ""pixel1"", ""pixel2"", ""pixel3"", ""pixel4"", ""pixel5"", ""pixel6"", ""pixel7"", ""pixel8"", ""pixel9""]",[],[],0.0,255.0,75.66495,72.465568,Multiclasse,10.0,10.0
fashion-mnist_train.csv,datasets/multiclasse/kaggle/fashionmnist/fashion-mnist_train.csv,multiclasse,kaggle,path_hint,,,,,60000,785,784,label,nome_conhecido,10,"{""2"": 6000, ""9"": 6000, ""6"": 6000, ""0"": 6000, ""3"": 6000, ""4"": 6000, ""5"": 6000, ""8"": 6000, ""7"": 6000, ""1"": 6000}","{""2"": 0.1, ""9"": 0.1, ""6"": 0.1, ""0"": 0.1, ""3"": 0.1, ""4"": 0.1, ""5"": 0.1, ""8"": 0.1, ""7"": 0.1, ""1"": 0.1}",2,6000,1,6000,1.0,3.321928,774,10,0,0,10,0,0,0,0,0.0,0.0,0.0,{},43,0.000717,359.344608,126.883691,"[""label"", ""pixel1"", ""pixel2"", ""pixel3"", ""pixel4"", ""pixel5"", ""pixel6"", ""pixel7"", ""pixel8"", ""pixel9""]",[],[],0.0,255.0,73.899099,70.929587,Multiclasse,10.0,10.0
star_classification.csv,datasets/multiclasse/kaggle/star_classification.csv,multiclasse,kaggle,path_hint,,,,,100000,18,17,class,nome_conhecido,3,"{""GALAXY"": 59445, ""STAR"": 21594, ""QSO"": 18961}","{""GALAXY"": 0.59445, ""STAR"": 0.21594, ""QSO"": 0.18961}",GALAXY,59445,QSO,18961,3.135119,1.378421,15,2,0,0,2,0,1,9,0,0.0,0.0,0.0,{},0,0.0,14.209805,15.979636,"[""obj_ID"", ""alpha"", ""delta"", ""u"", ""g"", ""r"", ""i"", ""z"", ""run_ID"", ""rerun_ID""]","[""rerun_ID""]","[""alpha"", ""delta"", ""u"", ""g"", ""r"", ""i"", ""z"", ""spec_obj_ID"", ""redshift""]",-9999.0,1.4126940609093851e+19,4.681031346244684e+17,2.216016405429174e+17,Multiclasse,18.961,59.445
zoo2.csv,datasets/multiclasse/kaggle/zoo2.csv,multiclasse,kaggle,path_hint,,,,,43,18,17,class_type,ultima_coluna,5,"{""3"": 12, ""6"": 12, ""4"": 7, ""5"": 6, ""7"": 6}","{""3"": 0.27907, ""6"": 0.27907, ""4"": 0.162791, ""5"": 0.139535, ""7"": 0.139535}",3,12,7,6,2.0,2.246959,0,17,0,1,16,0,3,0,0,0.0,0.0,0.0,{},0,0.0,0.00632,0.001858,"[""animal_name"", ""hair"", ""feathers"", ""eggs"", ""milk"", ""airborne"", ""aquatic"", ""predator"", ""toothed"", ""backbone""]","[""feathers"", ""eggs"", ""milk""]",[],,,,,Multiclasse,13.953488372093023,27.906976744186046
HAR.csv,datasets/multiclasse/ours/HAR.csv,multiclasse,desconhecida,nao_encontrado,,,,,10299,562,561,Class,nome_conhecido,6,"{""6"": 1944, ""5"": 1906, ""4"": 1777, ""1"": 1722, ""2"": 1544, ""3"": 1406}","{""6"": 0.188756, ""5"": 0.185067, ""4"": 0.172541, ""1"": 0.167201, ""2"": 0.149917, ""3"": 0.136518}",6,1944,3,1406,1.382646,2.575923,561,0,0,0,0,0,0,321,0,0.0,0.0,0.0,{},0,0.0,44.159351,52.790381,"[""V1"", ""V2"", ""V3"", ""V4"", ""V5"", ""V6"", ""V7"", ""V8"", ""V9"", ""V10""]",[],"[""V1"", ""V2"", ""V3"", ""V4"", ""V5"", ""V6"", ""V7"", ""V8"", ""V9"", ""V16"", ""V20"", ""V21"", ""V22"", ""V25"", ""V26"", ""V27"", ""V28"", ""V29"", ""V30"", ""V31""]",-1.0,1.0,-0.50862,0.279232,Multiclasse,13.651810855422857,18.87561899213516
Mfeat.csv,datasets/multiclasse/ours/Mfeat.csv,multiclasse,desconhecida,nao_encontrado,,,,,2000,7,6,class,nome_conhecido,10,"{""1"": 200, ""2"": 200, ""3"": 200, ""4"": 200, ""5"": 200, ""6"": 200, ""7"": 200, ""8"": 200, ""9"": 200, ""10"": 200}","{""1"": 0.1, ""2"": 0.1, ""3"": 0.1, ""4"": 0.1, ""5"": 0.1, ""6"": 0.1, ""7"": 0.1, ""8"": 0.1, ""9"": 0.1, ""10"": 0.1}",1,200,10,200,1.0,3.321928,3,3,0,0,3,0,0,3,0,0.0,0.0,0.0,{},6,0.003,0.106937,0.139842,"[""att1"", ""att2"", ""att3"", ""att4"", ""att5"", ""att6"", ""class""]",[],"[""att4"", ""att5"", ""att6""]",1.14313,17572.199943,2104.41963,1260.978599,Multiclasse,10.0,10.0
Mfeat_icdm21.csv,datasets/multiclasse/ours/Mfeat_icdm21.csv,multiclasse,desconhecida,nao_encontrado,,,,,1600,7,6,class,nome_conhecido,3,"{""2"": 600, ""4"": 600, ""5"": 400}","{""2"": 0.375, ""4"": 0.375, ""5"": 0.25}",2,600,5,400,1.5,1.561278,3,3,0,0,3,0,0,3,0,0.0,0.0,0.0,{},5,0.003125,0.085575,0.068563,"[""class"", ""att1"", ""att2"", ""att3"", ""att4"", ""att5"", ""att6""]",[],"[""att4"", ""att5"", ""att6""]",1.14313,16356.147439,2023.152923,1042.388653,Multiclasse,25.0,37.5
PhishingURL.csv,datasets/multiclasse/ours/PhishingURL.csv,multiclasse,desconhecida,nao_encontrado,,,,,18982,80,79,class,nome_conhecido,5,"{""spam"": 5342, ""malware"": 4440, ""phishing"": 4014, ""benign"": 2709, ""Defacement"": 2477}","{""spam"": 0.281425, ""malware"": 0.233906, ""phishing"": 0.211463, ""benign"": 0.142714, ""Defacement"": 0.130492}",spam,5342,Defacement,2477,2.156641,2.263279,45,34,0,0,34,0,1,0,0,0.0,0.0,0.0,{},5453,0.287272,11.705585,5.196954,"[""Querylength"", ""domain_token_count"", ""path_token_count"", ""avgdomaintokenlen"", ""longdomaintokenlen"", ""avgpathtokenlen"", ""tld"", ""charcompvowels"", ""charcompace"", ""ldl_url""]","[""ISIpAddressInDomainName""]",[],-1.0,1424.0,16.122917,32.448599,Multiclasse,13.04920450953535,28.14245074280898
academic-success.csv,datasets/multiclasse/quapy_data/academic-success.csv,multiclasse,uci,path_hint,,,,,4424,37,36,class,nome_conhecido,3,"{""2"": 2209, ""0"": 1421, ""1"": 794}","{""2"": 0.499322, ""0"": 0.321203, ""1"": 0.179476}",2,2209,1,794,2.782116,1.471338,7,29,0,0,29,0,0,0,0,0.0,0.0,0.0,{},0,0.0,1.248966,0.70449,"[""f0"", ""f1"", ""f2"", ""f3"", ""f4"", ""f5"", ""f6"", ""f7"", ""f8"", ""f9""]",[],[],-4.06,190.0,41.894085,6.291614,Multiclasse,17.94755877034358,49.93218806509946
concrete_data.csv,datasets/multiclasse/schumacher/concrete_data.csv,multiclasse,desconhecida,nao_encontrado,,,,,1030,9,8,strength,ultima_coluna,3,"{""3"": 507, ""2"": 326, ""1"": 197}","{""3"": 0.492233, ""2"": 0.316505, ""1"": 0.191262}",3,507,1,197,2.573604,1.485078,7,1,0,0,1,0,0,0,0,0.0,0.0,0.0,{},33,0.032039,0.07085,0.044661,"[""comp1"", ""comp2"", ""comp3"", ""comp4"", ""comp5"", ""comp6"", ""comp7"", ""comp8"", ""strength""]",[],[],0.0,1145.0,334.787886,62.863003,Multiclasse,19.12621359223301,49.22330097087379
fifa19_data.csv,datasets/multiclasse/schumacher/fifa19_data.csv,multiclasse,desconhecida,nao_encontrado,,,,,14750,118,117,Position_ST,ultima_coluna,2,"{""0"": 12826, ""1"": 1924}","{""0"": 0.869559, ""1"": 0.130441}",0,12826,1,1924,6.66632,0.558646,58,59,0,0,59,0,0,0,0,0.0,0.0,0.0,{},0,0.0,13.279087,5.448158,"[""Age"", ""Overall"", ""Potential"", ""Wage"", ""Special"", ""International Reputation"", ""Weak Foot"", ""Skill Moves"", ""Joined"", ""Contract Valid Until""]",[],[],10.0,2346.0,90.364471,14.929377,Binario,13.04406779661017,86.95593220338984
test.csv,datasets/multiclasse/schumacher/first-order-final/test.csv,multiclasse,desconhecida,nao_encontrado,,,,,1530,57,56,label_6,ultima_coluna,2,"{""-1"": 906, ""1"": 624}","{""-1"": 0.592157, ""1"": 0.407843}",-1,906,1,624,1.451923,0.975354,51,5,0,0,5,0,0,5,0,0.0,0.0,0.0,{},35,0.022876,0.665485,0.663464,"[""feature_1"", ""feature_2"", ""feature_3"", ""feature_4"", ""feature_5"", ""feature_6"", ""feature_7"", ""feature_8"", ""feature_9"", ""feature_10""]",[],"[""feature_15"", ""feature_23"", ""feature_25"", ""feature_27"", ""feature_29""]",-3.5591,38.106,-0.001238,0.918118,Binario,40.78431372549019,59.21568627450981
theorem.csv,datasets/multiclasse/schumacher/first-order-final/theorem.csv,multiclasse,desconhecida,nao_encontrado,,,,,6118,57,56,label_6,ultima_coluna,2,"{""-1"": 3564, ""1"": 2554}","{""-1"": 0.582543, ""1"": 0.417457}",-1,3564,1,2554,1.395458,0.98025,51,5,0,0,5,0,0,0,0,0.0,0.0,0.0,{},482,0.078784,2.660694,2.651654,"[""feature_1"", ""feature_2"", ""feature_3"", ""feature_4"", ""feature_5"", ""feature_6"", ""feature_7"", ""feature_8"", ""feature_9"", ""feature_10""]",[],[],-3.7356,68.461,-0.000551,0.991644,Binario,41.745668519123896,58.2543314808761
train.csv,datasets/multiclasse/schumacher/first-order-final/train.csv,multiclasse,desconhecida,nao_encontrado,,,,,3059,57,56,label_6,ultima_coluna,2,"{""-1"": 1773, ""1"": 1286}","{""-1"": 0.579601, ""1"": 0.420399}",-1,1773,1,1286,1.378694,0.981639,51,5,0,0,5,0,0,3,0,0.0,0.0,0.0,{},147,0.048055,1.33041,1.326021,"[""feature_1"", ""feature_2"", ""feature_3"", ""feature_4"", ""feature_5"", ""feature_6"", ""feature_7"", ""feature_8"", ""feature_9"", ""feature_10""]",[],"[""feature_15"", ""feature_27"", ""feature_29""]",-3.7356,54.739,0.0,1.0,Binario,42.03988231448186,57.96011768551814
validation.csv,datasets/multiclasse/schumacher/first-order-final/validation.csv,multiclasse,desconhecida,nao_encontrado,,,,,1529,57,56,label_6,ultima_coluna,2,"{""-1"": 885, ""1"": 644}","{""-1"": 0.57881, ""1"": 0.42119}",-1,885,1,644,1.374224,0.982004,51,5,0,0,5,0,0,5,0,0.0,0.0,0.0,{},55,0.035971,0.665051,0.663316,"[""feature_1"", ""feature_2"", ""feature_3"", ""feature_4"", ""feature_5"", ""feature_6"", ""feature_7"", ""feature_8"", ""feature_9"", ""feature_10""]",[],"[""feature_15"", ""feature_23"", ""feature_25"", ""feature_27"", ""feature_29""]",-3.7356,68.461,-0.000967,1.016478,Binario,42.1190320470896,57.8809679529104
all_data.csv,datasets/multiclasse/schumacher/first-order-theorem/all_data.csv,multiclasse,desconhecida,nao_encontrado,,,,,6118,57,56,label_6,ultima_coluna,2,"{""-1"": 3564, ""1"": 2554}","{""-1"": 0.582543, ""1"": 0.417457}",-1,3564,1,2554,1.395458,0.98025,51,5,0,0,5,0,0,0,0,0.0,0.0,0.0,{},482,0.078784,2.660694,2.651654,"[""feature_1"", ""feature_2"", ""feature_3"", ""feature_4"", ""feature_5"", ""feature_6"", ""feature_7"", ""feature_8"", ""feature_9"", ""feature_10""]",[],[],-3.7356,68.461,-0.000551,0.991644,Binario,41.745668519123896,58.2543314808761
test.csv,datasets/multiclasse/schumacher/first-order-theorem/test.csv,multiclasse,desconhecida,nao_encontrado,,,,,1530,57,56,label_6,ultima_coluna,2,"{""-1"": 906, ""1"": 624}","{""-1"": 0.592157, ""1"": 0.407843}",-1,906,1,624,1.451923,0.975354,51,5,0,0,5,0,0,5,0,0.0,0.0,0.0,{},35,0.022876,0.665485,0.663464,"[""feature_1"", ""feature_2"", ""feature_3"", ""feature_4"", ""feature_5"", ""feature_6"", ""feature_7"", ""feature_8"", ""feature_9"", ""feature_10""]",[],"[""feature_15"", ""feature_23"", ""feature_25"", ""feature_27"", ""feature_29""]",-3.5591,38.106,-0.001238,0.918118,Binario,40.78431372549019,59.21568627450981
train.csv,datasets/multiclasse/schumacher/first-order-theorem/train.csv,multiclasse,desconhecida,nao_encontrado,,,,,3059,57,56,label_6,ultima_coluna,2,"{""-1"": 1773, ""1"": 1286}","{""-1"": 0.579601, ""1"": 0.420399}",-1,1773,1,1286,1.378694,0.981639,51,5,0,0,5,0,0,3,0,0.0,0.0,0.0,{},147,0.048055,1.33041,1.326021,"[""feature_1"", ""feature_2"", ""feature_3"", ""feature_4"", ""feature_5"", ""feature_6"", ""feature_7"", ""feature_8"", ""feature_9"", ""feature_10""]",[],"[""feature_15"", ""feature_27"", ""feature_29""]",-3.7356,54.739,0.0,1.0,Binario,42.03988231448186,57.96011768551814
validation.csv,datasets/multiclasse/schumacher/first-order-theorem/validation.csv,multiclasse,desconhecida,nao_encontrado,,,,,1529,57,56,label_6,ultima_coluna,2,"{""-1"": 885, ""1"": 644}","{""-1"": 0.57881, ""1"": 0.42119}",-1,885,1,644,1.374224,0.982004,51,5,0,0,5,0,0,5,0,0.0,0.0,0.0,{},55,0.035971,0.665051,0.663316,"[""feature_1"", ""feature_2"", ""feature_3"", ""feature_4"", ""feature_5"", ""feature_6"", ""feature_7"", ""feature_8"", ""feature_9"", ""feature_10""]",[],"[""feature_15"", ""feature_23"", ""feature_25"", ""feature_27"", ""feature_29""]",-3.7356,68.461,-0.000967,1.016478,Binario,42.1190320470896,57.8809679529104
news_popularity_data.csv,datasets/multiclasse/schumacher/news_popularity_data.csv,multiclasse,desconhecida,nao_encontrado,,,,,39644,60,59,shares,ultima_coluna,4,"{""2"": 16354, ""1"": 12424, ""3"": 5794, ""4"": 5072}","{""2"": 0.412521, ""1"": 0.313389, ""3"": 0.146151, ""4"": 0.127939}",2,16354,4,5072,3.224369,1.836602,41,18,0,0,18,0,0,8,0,0.0,0.0,0.0,{},0,0.0,18.147709,18.635118,"[""timedelta"", ""n_tokens_title"", ""n_tokens_content"", ""n_unique_tokens"", ""n_non_stop_words"", ""n_non_stop_unique_tokens"", ""num_hrefs"", ""num_self_hrefs"", ""num_imgs"", ""num_videos""]",[],"[""kw_avg_avg"", ""LDA_00"", ""LDA_01"", ""LDA_02"", ""LDA_03"", ""LDA_04"", ""global_subjectivity"", ""global_sentiment_polarity""]",-1.0,843300.0,7461.757298,7117.77381,Multiclasse,12.7938654020785,41.25214408233276
video_game_sales_data.csv,datasets/multiclasse/schumacher/video_game_sales_data.csv,multiclasse,desconhecida,nao_encontrado,,,,,6825,133,132,Rating_T,ultima_coluna,2,"{""0"": 4448, ""1"": 2377}","{""0"": 0.651722, ""1"": 0.348278}",0,4448,1,2377,1.871266,0.932521,6,126,0,0,126,0,0,0,0,0.0,0.0,0.0,{},0,0.0,6.925518,1.880542,"[""Year_of_Release"", ""NA_Sales"", ""EU_Sales"", ""JP_Sales"", ""Other_Sales"", ""Critic_Score"", ""Critic_Count"", ""User_Count"", ""Platform_3DS"", ""Platform_DC""]",[],[],0.0,10665.0,34.071815,101.477476,Binario,34.827838827838825,65.17216117216117
yeast_data.csv,datasets/multiclasse/schumacher/yeast_data.csv,multiclasse,desconhecida,nao_encontrado,,,,,1299,9,8,class,nome_conhecido,4,"{""0"": 463, ""1"": 429, ""2"": 244, ""3"": 163}","{""0"": 0.356428, ""1"": 0.330254, ""2"": 0.187837, ""3"": 0.125481}",0,463,3,163,2.840491,1.887235,8,0,0,0,0,0,0,0,0,0.0,0.0,0.0,{},30,0.023095,0.089321,0.050155,"[""mcg"", ""gvh"", ""alm"", ""mit"", ""erl"", ""pox"", ""vac"", ""nuc"", ""class""]",[],[],0.0,1.0,0.375615,0.085516,Multiclasse,12.548113933795227,35.642802155504235
wine.csv,datasets/multiclasse/uci/wine.csv,multiclasse,uci,path_hint,,,,,178,14,13,class,nome_conhecido,3,"{""2"": 71, ""1"": 59, ""3"": 48}","{""2"": 0.398876, ""1"": 0.331461, ""3"": 0.269663}",2,71,3,48,1.479167,1.566822,13,0,0,0,0,0,0,0,0,0.0,0.0,0.0,{},0,0.0,0.019138,0.011183,"[""Alcohol"", ""Malicacid"", ""Ash"", ""Alcalinity_of_ash"", ""Magnesium"", ""Total_phenols"", ""Flavanoids"", ""Nonflavanoid_phenols"", ""Proanthocyanins"", ""Color_intensity""]",[],[],0.13,1680.0,69.133663,26.177785,Multiclasse,26.96629213483146,39.8876404494382
