nome_arquivo,caminho_relativo,grupo,plataforma,plataforma_metodo,plataforma_match,plataforma_url,plataforma_score,erro,numero_linhas,numero_colunas,features,coluna_classe,classe_detectada_por,numero_classes,distribuicao_classe,distribuicao_classe_pct,classe_majoritaria,classe_majoritaria_qtd,classe_minoritaria,classe_minoritaria_qtd,razao_desbalanceamento,entropia_classe,features_numericas,features_categoricas,features_booleanas,features_texto_ou_objeto,features_categoricas_codificadas,features_datetime,features_constantes,features_alta_cardinalidade,valores_ausentes,percentual_ausentes,media_ausentes_por_feature,max_ausentes_por_feature,top_features_com_ausentes,linhas_duplicadas,percentual_linhas_duplicadas,memoria_mb,tamanho_arquivo_mb,colunas_exemplo,features_constantes_nomes,features_alta_cardinalidade_nomes,numeric_min_global,numeric_max_global,numeric_media_das_medias,numeric_media_dos_desvios
1460_banana.csv,datasets/binarios/datasets/1460_banana.csv,binarios,openml,api_id,banana,https://www.openml.org/d/1460,100.0,,5300,3,2,target,nome_conhecido,2,"{""1"": 2924, ""0"": 2376}","{""1"": 0.551698, ""0"": 0.448302}",1,2924,0,2376,1.23064,0.992274,2,0,0,0,0,0,0,0,0,0.0,0.0,0.0,{},8,0.001509,0.121433,0.071665,"[""V1"", ""V2"", ""target""]",[],[],-3.09,3.19,1.7e-05,0.999959
1462_banknote-authentication.csv,datasets/binarios/datasets/1462_banknote-authentication.csv,binarios,openml,api_id,banknote-authentication,https://www.openml.org/d/1462,100.0,,1372,5,4,target,nome_conhecido,2,"{""1"": 762, ""0"": 610}","{""1"": 0.555394, ""0"": 0.444606}",1,762,0,610,1.24918,0.991128,4,0,0,0,0,0,0,4,0,0.0,0.0,0.0,{},24,0.017493,0.052464,0.042943,"[""V1"", ""V2"", ""V3"", ""V4"", ""target""]",[],"[""V1"", ""V2"", ""V3"", ""V4""]",-13.7731,17.9274,0.640515,3.780713
1466_cardiotocography.csv,datasets/binarios/datasets/1466_cardiotocography.csv,binarios,openml,api_id,cardiotocography,https://www.openml.org/d/1466,100.0,,2126,36,35,target,nome_conhecido,2,"{""0"": 1547, ""1"": 579}","{""0"": 0.727658, ""1"": 0.272342}",0,1547,1,579,2.671848,0.844806,14,21,0,0,21,0,0,0,0,0.0,0.0,0.0,{},11,0.005174,0.584049,0.333604,"[""V1"", ""V2"", ""V3"", ""V4"", ""V5"", ""V6"", ""V7"", ""V8"", ""V9"", ""V10""]",[],[],0.0,3599.0,243.709092,147.579256
1475_first-order-theorem-proving.csv,datasets/binarios/datasets/1475_first-order-theorem-proving.csv,binarios,openml,api_id,first-order-theorem-proving,https://www.openml.org/d/1475,100.0,,6118,52,51,target,nome_conhecido,2,"{""0"": 3564, ""1"": 2554}","{""0"": 0.582543, ""1"": 0.417457}",0,3564,1,2554,1.395458,0.98025,51,0,0,0,0,0,0,0,0,0.0,0.0,0.0,{},582,0.095129,2.427311,2.555405,"[""V1"", ""V2"", ""V3"", ""V4"", ""V5"", ""V6"", ""V7"", ""V8"", ""V9"", ""V10""]",[],[],-3.7356,68.461,-0.000551,0.991644
1479_hill-valley.csv,datasets/binarios/datasets/1479_hill-valley.csv,binarios,openml,api_id,hill-valley,https://www.openml.org/d/1479,100.0,,1212,101,100,target,nome_conhecido,2,"{""1"": 606, ""0"": 606}","{""1"": 0.5, ""0"": 0.5}",1,606,0,606,1.0,1.0,100,0,0,0,0,0,0,100,0,0.0,0.0,0.0,{},0,0.0,0.934055,0.80029,"[""V1"", ""V2"", ""V3"", ""V4"", ""V5"", ""V6"", ""V7"", ""V8"", ""V9"", ""V10""]",[],"[""V1"", ""V2"", ""V3"", ""V4"", ""V5"", ""V6"", ""V7"", ""V8"", ""V9"", ""V10"", ""V11"", ""V12"", ""V13"", ""V14"", ""V15"", ""V16"", ""V17"", ""V18"", ""V19"", ""V20""]",0.48,156612.07,8174.051208,18000.312938
1485_madelon.csv,datasets/binarios/datasets/1485_madelon.csv,binarios,openml,api_id,madelon,https://www.openml.org/d/1485,100.0,,2600,501,500,target,nome_conhecido,2,"{""0"": 1300, ""1"": 1300}","{""0"": 0.5, ""1"": 0.5}",0,1300,1,1300,1.0,1.0,421,79,0,0,79,0,0,0,0,0.0,0.0,0.0,{},0,0.0,9.938175,7.445901,"[""V1"", ""V2"", ""V3"", ""V4"", ""V5"", ""V6"", ""V7"", ""V8"", ""V9"", ""V10""]",[],[],0.0,999.0,489.881395,28.610661
1489_phoneme.csv,datasets/binarios/datasets/1489_phoneme.csv,binarios,openml,api_id,phoneme,https://www.openml.org/d/1489,100.0,,5404,6,5,target,nome_conhecido,2,"{""1"": 3818, ""0"": 1586}","{""1"": 0.706514, ""0"": 0.293486}",1,3818,0,1586,2.407314,0.873182,5,0,0,0,0,0,0,5,0,0.0,0.0,0.0,{},9,0.001665,0.247501,0.254939,"[""V1"", ""V2"", ""V3"", ""V4"", ""V5"", ""target""]",[],"[""V1"", ""V2"", ""V3"", ""V4"", ""V5""]",-3.038709,4.586666,-0.0,1.0
1494_qsar-biodeg.csv,datasets/binarios/datasets/1494_qsar-biodeg.csv,binarios,openml,api_id,qsar-biodeg,https://www.openml.org/d/1494,100.0,,1055,42,41,target,nome_conhecido,2,"{""1"": 699, ""0"": 356}","{""1"": 0.662559, ""0"": 0.337441}",1,699,0,356,1.963483,0.922349,17,24,0,0,24,0,0,2,0,0.0,0.0,0.0,{},3,0.002844,0.338184,0.198353,"[""V1"", ""V2"", ""V3"", ""V4"", ""V5"", ""V6"", ""V7"", ""V8"", ""V9"", ""V10""]",[],"[""V2"", ""V39""]",-5.256,71.167,5.389893,1.82508
1496_ringnorm.csv,datasets/binarios/datasets/1496_ringnorm.csv,binarios,openml,api_id,ringnorm,https://www.openml.org/d/1496,100.0,,7400,21,20,target,nome_conhecido,2,"{""1"": 3736, ""0"": 3664}","{""1"": 0.504865, ""0"": 0.495135}",1,3736,0,3664,1.019651,0.999932,20,0,0,0,0,0,0,0,0,0.0,0.0,0.0,{},0,0.0,1.185734,0.962757,"[""V1"", ""V2"", ""V3"", ""V4"", ""V5"", ""V6"", ""V7"", ""V8"", ""V9"", ""V10""]",[],[],-8778.0,7627.0,204.23425,1503.282562
1497_wall-robot-navigation.csv,datasets/binarios/datasets/1497_wall-robot-navigation.csv,binarios,openml,api_id,wall-robot-navigation,https://www.openml.org/d/1497,100.0,,5456,25,24,target,nome_conhecido,2,"{""0"": 3251, ""1"": 2205}","{""0"": 0.595858, ""1"": 0.404142}",0,3251,1,2205,1.474376,0.973322,24,0,0,0,0,0,0,0,0,0.0,0.0,0.0,{},0,0.0,1.040775,0.713686,"[""V1"", ""V2"", ""V3"", ""V4"", ""V5"", ""V6"", ""V7"", ""V8"", ""V9"", ""V10""]",[],[],0.34,5.087,2.045792,1.25124
1504_steel-plates-fault.csv,datasets/binarios/datasets/1504_steel-plates-fault.csv,binarios,openml,api_id,steel-plates-fault,https://www.openml.org/d/1504,100.0,,1941,34,33,target,nome_conhecido,2,"{""1"": 1268, ""0"": 673}","{""1"": 0.653272, ""0"": 0.346728}",1,1268,0,673,1.884101,0.931112,24,9,0,0,9,0,0,3,0,0.0,0.0,0.0,{},0,0.0,0.50362,0.364964,"[""V1"", ""V2"", ""V3"", ""V4"", ""V5"", ""V6"", ""V7"", ""V8"", ""V9"", ""V10""]",[],"[""V3"", ""V4"", ""V8""]",-0.9989,12987692.0,146362.355939,169524.016875
1507_twonorm.csv,datasets/binarios/datasets/1507_twonorm.csv,binarios,openml,api_id,twonorm,https://www.openml.org/d/1507,100.0,,7400,21,20,target,nome_conhecido,2,"{""1"": 3703, ""0"": 3697}","{""1"": 0.500405, ""0"": 0.499595}",1,3703,0,3697,1.001623,1.0,20,0,0,0,0,0,0,20,0,0.0,0.0,0.0,{},0,0.0,1.185734,1.057104,"[""V1"", ""V2"", ""V3"", ""V4"", ""V5"", ""V6"", ""V7"", ""V8"", ""V9"", ""V10""]",[],"[""V1"", ""V2"", ""V3"", ""V4"", ""V5"", ""V6"", ""V7"", ""V8"", ""V9"", ""V10"", ""V11"", ""V12"", ""V13"", ""V14"", ""V15"", ""V16"", ""V17"", ""V18"", ""V19"", ""V20""]",-4.5744,5.6395,0.002311,1.092579
1526_wall-robot-navigation.csv,datasets/binarios/datasets/1526_wall-robot-navigation.csv,binarios,openml,api_id,wall-robot-navigation,https://www.openml.org/d/1526,100.0,,5456,5,4,target,nome_conhecido,2,"{""0"": 3251, ""1"": 2205}","{""0"": 0.595858, ""1"": 0.404142}",0,3251,1,2205,1.474376,0.973322,4,0,0,0,0,0,0,0,0,0.0,0.0,0.0,{},50,0.009164,0.208256,0.132879,"[""V1"", ""V2"", ""V3"", ""V4"", ""target""]",[],[],0.34,5.0,1.281771,0.588394
1535_volcanoes-b5.csv,datasets/binarios/datasets/1535_volcanoes-b5.csv,binarios,openml,api_id,volcanoes-b5,https://www.openml.org/d/1535,100.0,,9989,4,3,target,nome_conhecido,2,"{""1"": 9599, ""0"": 390}","{""1"": 0.960957, ""0"": 0.039043}",1,9599,0,390,24.612821,0.237887,3,0,0,0,0,0,0,1,0,0.0,0.0,0.0,{},7,0.000701,0.304966,0.216502,"[""V1"", ""V2"", ""V3"", ""target""]",[],"[""V3""]",0.0,1008.0,343.640826,191.543444
1538_volcanoes-d1.csv,datasets/binarios/datasets/1538_volcanoes-d1.csv,binarios,openml,api_id,volcanoes-d1,https://www.openml.org/d/1538,100.0,,8753,4,3,target,nome_conhecido,2,"{""1"": 8265, ""0"": 488}","{""1"": 0.944248, ""0"": 0.055752}",1,8265,0,488,16.936475,0.310347,3,0,0,0,0,0,0,1,0,0.0,0.0,0.0,{},1,0.000114,0.267246,0.18967,"[""V1"", ""V2"", ""V3"", ""target""]",[],"[""V3""]",0.0,1008.0,338.38075,192.071225
1539_volcanoes-d2.csv,datasets/binarios/datasets/1539_volcanoes-d2.csv,binarios,openml,api_id,volcanoes-d2,https://www.openml.org/d/1539,100.0,,9172,4,3,target,nome_conhecido,2,"{""1"": 8670, ""0"": 502}","{""1"": 0.945268, ""0"": 0.054732}",1,8670,0,502,17.270916,0.306167,3,0,0,0,0,0,0,1,0,0.0,0.0,0.0,{},1,0.000109,0.280033,0.19876,"[""V1"", ""V2"", ""V3"", ""target""]",[],"[""V3""]",0.0,1008.0,338.994211,192.249395
1540_volcanoes-d3.csv,datasets/binarios/datasets/1540_volcanoes-d3.csv,binarios,openml,api_id,volcanoes-d3,https://www.openml.org/d/1540,100.0,,9285,4,3,target,nome_conhecido,2,"{""1"": 8771, ""0"": 514}","{""1"": 0.944642, ""0"": 0.055358}",1,8771,0,514,17.064202,0.308736,3,0,0,0,0,0,0,1,0,0.0,0.0,0.0,{},1,0.000108,0.283482,0.201202,"[""V1"", ""V2"", ""V3"", ""target""]",[],"[""V3""]",0.0,1008.0,338.487092,192.52681
1541_volcanoes-d4.csv,datasets/binarios/datasets/1541_volcanoes-d4.csv,binarios,openml,api_id,volcanoes-d4,https://www.openml.org/d/1541,100.0,,8654,4,3,target,nome_conhecido,2,"{""1"": 8163, ""0"": 491}","{""1"": 0.943263, ""0"": 0.056737}",1,8163,0,491,16.625255,0.314353,3,0,0,0,0,0,0,1,0,0.0,0.0,0.0,{},1,0.000116,0.264225,0.187481,"[""V1"", ""V2"", ""V3"", ""target""]",[],"[""V3""]",0.0,1008.0,337.799743,192.133748
1566_hill-valley.csv,datasets/binarios/datasets/1566_hill-valley.csv,binarios,openml,api_id,hill-valley,https://www.openml.org/d/1566,100.0,,1212,101,100,target,nome_conhecido,2,"{""1"": 612, ""0"": 600}","{""1"": 0.50495, ""0"": 0.49505}",1,612,0,600,1.02,0.999929,100,0,0,0,0,0,0,100,0,0.0,0.0,0.0,{},0,0.0,0.934055,1.232428,"[""V1"", ""V2"", ""V3"", ""V4"", ""V5"", ""V6"", ""V7"", ""V8"", ""V9"", ""V10""]",[],"[""V1"", ""V2"", ""V3"", ""V4"", ""V5"", ""V6"", ""V7"", ""V8"", ""V9"", ""V10"", ""V11"", ""V12"", ""V13"", ""V14"", ""V15"", ""V16"", ""V17"", ""V18"", ""V19"", ""V20""]",0.507164,164627.0536,8189.417136,19481.352687
182_satimage.csv,datasets/binarios/datasets/182_satimage.csv,binarios,openml,api_id,satimage,https://www.openml.org/d/182,100.0,,6430,37,36,target,nome_conhecido,2,"{""0"": 4899, ""1"": 1531}","{""0"": 0.761897, ""1"": 0.238103}",0,4899,1,1531,3.199869,0.791871,36,0,0,0,0,0,0,0,0,0.0,0.0,0.0,{},0,0.0,1.815235,2.085006,"[""Aattr"", ""Battr"", ""Cattr"", ""Dattr"", ""Eattr"", ""Fattr"", ""A1attr"", ""B2attr"", ""C3attr"", ""D4attr""]",[],[],-2.962511,3.933434,-0.000556,1.000022
23_cmc.csv,datasets/binarios/datasets/23_cmc.csv,binarios,openml,api_id,cmc,https://www.openml.org/d/23,100.0,,1473,10,9,target,nome_conhecido,2,"{""0"": 844, ""1"": 629}","{""0"": 0.57298, ""1"": 0.42702}",0,844,1,629,1.341812,0.984577,0,9,0,0,9,0,0,0,0,0.0,0.0,0.0,{},83,0.056348,0.112507,0.035316,"[""Wifes_age"", ""Wifes_education"", ""Husbands_education"", ""Number_of_children_ever_born"", ""Wifes_religion"", ""Wifes_now_working.3F"", ""Husbands_occupation"", ""Standard.of.living_index"", ""Media_exposure"", ""target""]",[],[],,,,
28_optdigits.csv,datasets/binarios/datasets/28_optdigits.csv,binarios,openml,api_id,optdigits,https://www.openml.org/d/28,100.0,,5620,63,62,target,nome_conhecido,2,"{""0"": 5048, ""1"": 572}","{""0"": 0.898221, ""1"": 0.101779}",0,5048,1,572,8.825175,0.474611,0,62,0,0,62,0,0,0,0,0.0,0.0,0.0,{},0,0.0,2.701389,1.433607,"[""input2"", ""input3"", ""input4"", ""input5"", ""input6"", ""input7"", ""input8"", ""input9"", ""input10"", ""input11""]",[],[],,,,
294_satellite_image.csv,datasets/binarios/datasets/294_satellite_image.csv,binarios,openml,api_id,satellite_image,https://www.openml.org/d/294,100.0,,6435,37,36,target,nome_conhecido,2,"{""0"": 4902, ""1"": 1533}","{""0"": 0.761772, ""1"": 0.238228}",0,4902,1,1533,3.197652,0.792082,31,5,0,0,5,0,0,0,0,0.0,0.0,0.0,{},0,0.0,1.816647,1.169343,"[""attr1"", ""attr2"", ""attr3"", ""attr4"", ""attr5"", ""attr6"", ""attr7"", ""attr8"", ""attr9"", ""attr10""]",[],[],27.0,157.0,85.823135,18.745446
30_page-blocks.csv,datasets/binarios/datasets/30_page-blocks.csv,binarios,openml,path_hint,,,,,5473,11,10,target,nome_conhecido,2,"{""1"": 4913, ""0"": 560}","{""1"": 0.89768, ""0"": 0.10232}",1,4913,0,560,8.773214,0.476308,10,0,0,0,0,0,0,0,0,0.0,0.0,0.0,{},70,0.01279,0.459438,0.292396,"[""height"", ""lenght"", ""area"", ""eccen"", ""p_black"", ""p_and"", ""mean_tr"", ""blackpix"", ""blackand"", ""wb_trans""]",[],[],0.007,143993.0,253.327586,840.233619
312_scene.csv,datasets/binarios/datasets/312_scene.csv,binarios,openml,api_id,scene,https://www.openml.org/d/312,100.0,,2407,300,299,target,nome_conhecido,2,"{""1"": 1976, ""0"": 431}","{""1"": 0.820939, ""0"": 0.179061}",1,1976,0,431,4.584687,0.678019,294,5,0,0,5,0,0,294,0,0.0,0.0,0.0,{},7,0.002908,5.509312,5.948236,"[""attr1"", ""attr2"", ""attr3"", ""attr4"", ""attr5"", ""attr6"", ""attr7"", ""attr8"", ""attr9"", ""attr10""]",[],"[""attr1"", ""attr2"", ""attr3"", ""attr4"", ""attr5"", ""attr6"", ""attr7"", ""attr8"", ""attr9"", ""attr10"", ""attr11"", ""attr12"", ""attr13"", ""attr14"", ""attr15"", ""attr16"", ""attr17"", ""attr18"", ""attr19"", ""attr20""]",0.0,1.0,0.308269,0.181165
375_JapaneseVowels.csv,datasets/binarios/datasets/375_JapaneseVowels.csv,binarios,openml,api_id,JapaneseVowels,https://www.openml.org/d/375,100.0,,9961,15,14,target,nome_conhecido,2,"{""0"": 8347, ""1"": 1614}","{""0"": 0.837968, ""1"": 0.162032}",0,8347,1,1614,5.171623,0.639148,13,1,0,0,1,0,0,12,0,0.0,0.0,0.0,{},0,0.0,1.140072,1.187611,"[""utterance"", ""frame"", ""coefficient1"", ""coefficient2"", ""coefficient3"", ""coefficient4"", ""coefficient5"", ""coefficient6"", ""coefficient7"", ""coefficient8""]",[],"[""coefficient1"", ""coefficient2"", ""coefficient3"", ""coefficient4"", ""coefficient5"", ""coefficient6"", ""coefficient7"", ""coefficient8"", ""coefficient9"", ""coefficient10"", ""coefficient11"", ""coefficient12""]",-1.852765,88.0,1.541744,1.436944
40733_yeast.csv,datasets/binarios/datasets/40733_yeast.csv,binarios,openml,path_hint,,,,,1269,9,8,target,nome_conhecido,2,"{""0"": 831, ""1"": 438}","{""0"": 0.654846, ""1"": 0.345154}",0,831,1,438,1.89726,0.929665,8,0,0,0,0,0,0,0,0,0.0,0.0,0.0,{},0,0.0,0.087261,0.095459,"[""V1"", ""V2"", ""V3"", ""V4"", ""V5"", ""V6"", ""V7"", ""V8"", ""target""]",[],[],-9.046379,21.5457,-0.0,1.0
44_spambase.csv,datasets/binarios/datasets/44_spambase.csv,binarios,openml,api_id,spambase,https://www.openml.org/d/44,100.0,,4601,58,57,target,nome_conhecido,2,"{""1"": 2788, ""0"": 1813}","{""1"": 0.605955, ""0"": 0.394045}",1,2788,0,1813,1.537783,0.96736,57,0,0,0,0,0,0,0,0,0.0,0.0,0.0,{},391,0.084982,2.036091,1.073586,"[""word_freq_make"", ""word_freq_address"", ""word_freq_all"", ""word_freq_3d"", ""word_freq_our"", ""word_freq_over"", ""word_freq_remove"", ""word_freq_internet"", ""word_freq_order"", ""word_freq_mail""]",[],[],0.0,15841.0,6.15077,15.193998
4538_GesturePhaseSegmentationProcessed.csv,datasets/binarios/datasets/4538_GesturePhaseSegmentationProcessed.csv,binarios,openml,api_id,GesturePhaseSegmentationProcessed,https://www.openml.org/d/4538,100.0,,9873,33,32,target,nome_conhecido,2,"{""0"": 6923, ""1"": 2950}","{""0"": 0.701205, ""1"": 0.298795}",0,6923,1,2950,2.34678,0.879813,32,0,0,0,0,0,0,0,0,0.0,0.0,0.0,{},0,0.0,2.485851,2.702826,"[""X1"", ""X2"", ""X3"", ""X4"", ""X5"", ""X6"", ""X7"", ""X8"", ""X9"", ""X10""]",[],[],-0.107258,0.154135,0.00131,0.00534
60_waveform-5000.csv,datasets/binarios/datasets/60_waveform-5000.csv,binarios,openml,api_id,waveform-5000,https://www.openml.org/d/60,100.0,,5000,41,40,target,nome_conhecido,2,"{""0"": 3308, ""1"": 1692}","{""0"": 0.6616, ""1"": 0.3384}",0,3308,1,1692,1.955083,0.923279,40,0,0,0,0,0,0,0,0,0.0,0.0,0.0,{},0,0.0,1.564152,1.008914,"[""x1"", ""x2"", ""x3"", ""x4"", ""x5"", ""x6"", ""x7"", ""x8"", ""x9"", ""x10""]",[],[],-3.97,8.82,0.899488,1.271116
679_rmftsa_sleepdata.csv,datasets/binarios/datasets/679_rmftsa_sleepdata.csv,binarios,openml,api_id,rmftsa_sleepdata,https://www.openml.org/d/679,100.0,,1024,3,2,target,nome_conhecido,2,"{""0"": 620, ""1"": 404}","{""0"": 0.605469, ""1"": 0.394531}",0,620,1,404,1.534653,0.967662,2,0,0,0,0,0,0,0,0,0.0,0.0,0.0,{},483,0.47168,0.023563,0.013278,"[""heart_rate"", ""temperature"", ""target""]",[],[],36.85,187.0,85.629175,7.64228
AedesQuinx.csv,datasets/binarios/datasets/AedesQuinx.csv,binarios,desconhecida,nao_encontrado,,,,,24000,28,27,target,nome_conhecido,2,"{""0"": 12000, ""1"": 12000}","{""0"": 0.5, ""1"": 0.5}",0,12000,1,12000,1.0,1.0,26,1,0,0,1,0,0,25,0,0.0,0.0,0.0,{},0,0.0,5.127079,10.306623,"[""wbf"", ""eh_1"", ""eh_2"", ""eh_3"", ""eh_4"", ""eh_5"", ""eh_6"", ""eh_7"", ""eh_8"", ""eh_9""]",[],"[""eh_1"", ""eh_2"", ""eh_3"", ""eh_4"", ""eh_5"", ""eh_6"", ""eh_7"", ""eh_8"", ""eh_9"", ""eh_10"", ""eh_11"", ""eh_12"", ""eh_13"", ""eh_14"", ""eh_15"", ""eh_16"", ""eh_17"", ""eh_18"", ""eh_19"", ""eh_20""]",0.001021,1225.0,20.215416,2.978303
AedesSex.csv,datasets/binarios/datasets/AedesSex.csv,binarios,desconhecida,nao_encontrado,,,,,24000,28,27,target,nome_conhecido,2,"{""0"": 12000, ""1"": 12000}","{""0"": 0.5, ""1"": 0.5}",0,12000,1,12000,1.0,1.0,26,1,0,0,1,0,0,25,0,0.0,0.0,0.0,{},0,0.0,5.127079,10.345076,"[""wbf"", ""eh_1"", ""eh_2"", ""eh_3"", ""eh_4"", ""eh_5"", ""eh_6"", ""eh_7"", ""eh_8"", ""eh_9""]",[],"[""eh_1"", ""eh_2"", ""eh_3"", ""eh_4"", ""eh_5"", ""eh_6"", ""eh_7"", ""eh_8"", ""eh_9"", ""eh_10"", ""eh_11"", ""eh_12"", ""eh_13"", ""eh_14"", ""eh_15"", ""eh_16"", ""eh_17"", ""eh_18"", ""eh_19"", ""eh_20""]",0.003202,1225.0,27.035131,7.081126
ArabicDigit.csv,datasets/binarios/datasets/ArabicDigit.csv,binarios,desconhecida,nao_encontrado,,,,,8800,28,27,target,nome_conhecido,2,"{""1"": 4400, ""0"": 4400}","{""1"": 0.5, ""0"": 0.5}",1,4400,0,4400,1.0,1.0,26,1,0,0,1,0,0,26,0,0.0,0.0,0.0,{},107,0.012159,1.880009,3.651915,"[""mfcc_1_mu"", ""mfcc_1_sd"", ""mfcc_2_mu"", ""mfcc_2_sd"", ""mfcc_3_mu"", ""mfcc_3_sd"", ""mfcc_4_mu"", ""mfcc_4_sd"", ""mfcc_5_mu"", ""mfcc_5_sd""]",[],"[""mfcc_1_mu"", ""mfcc_1_sd"", ""mfcc_2_mu"", ""mfcc_2_sd"", ""mfcc_3_mu"", ""mfcc_3_sd"", ""mfcc_4_mu"", ""mfcc_4_sd"", ""mfcc_5_mu"", ""mfcc_5_sd"", ""mfcc_6_mu"", ""mfcc_6_sd"", ""mfcc_7_mu"", ""mfcc_7_sd"", ""mfcc_8_mu"", ""mfcc_8_sd"", ""mfcc_9_mu"", ""mfcc_9_sd"", ""mfcc_10_mu"", ""mfcc_10_sd""]",-6.656045,5.796923,0.217003,0.438062
BNG.csv,datasets/binarios/datasets/BNG.csv,binarios,desconhecida,nao_encontrado,,,,,39366,10,9,target,nome_conhecido,2,"{""0"": 25820, ""1"": 13546}","{""0"": 0.655896, ""1"": 0.344104}",0,25820,1,13546,1.906098,0.928692,9,0,0,0,0,0,0,0,0,0.0,0.0,0.0,{},6779,0.172204,3.003513,1.998763,"[""V1"", ""V2"", ""V3"", ""V4"", ""V5"", ""V6"", ""V7"", ""V8"", ""V9"", ""target""]",[],[],-0.117818,14.414889,3.128645,2.748796
BNG_breast-w.csv,datasets/binarios/datasets/BNG_breast-w.csv,binarios,desconhecida,nao_encontrado,,,,,39366,10,9,target,nome_conhecido,2,"{""0"": 25820, ""1"": 13546}","{""0"": 0.655896, ""1"": 0.344104}",0,25820,1,13546,1.906098,0.928692,9,0,0,0,0,0,0,0,0,0.0,0.0,0.0,{},6779,0.172204,3.003513,1.99888,"[""Clump_Thickness"", ""Cell_Size_Uniformity"", ""Cell_Shape_Uniformity"", ""Marginal_Adhesion"", ""Single_Epi_Cell_Size"", ""Bare_Nuclei"", ""Bland_Chromatin"", ""Normal_Nucleoli"", ""Mitoses"", ""target""]",[],[],-0.117818,14.414889,3.128645,2.748796
HTRU.csv,datasets/binarios/datasets/HTRU.csv,binarios,desconhecida,nao_encontrado,,,,,17898,9,8,target,nome_conhecido,2,"{""1"": 16259, ""0"": 1639}","{""1"": 0.908426, ""0"": 0.091574}",1,16259,0,1639,9.920073,0.441703,8,0,0,0,0,0,0,6,0,0.0,0.0,0.0,{},0,0.0,1.229084,1.650271,"[""V1"", ""V2"", ""V3"", ""V4"", ""V5"", ""V6"", ""V7"", ""V8"", ""target""]",[],"[""V2"", ""V3"", ""V4"", ""V6"", ""V7"", ""V8""]",-3.13927,1191.000837,38.997477,24.961522
MagicTelescope.csv,datasets/binarios/datasets/MagicTelescope.csv,binarios,desconhecida,nao_encontrado,,,,,19020,11,10,target,nome_conhecido,2,"{""0"": 12332, ""1"": 6688}","{""0"": 0.64837, ""1"": 0.35163}",0,12332,1,6688,1.8439,0.935515,10,0,0,0,0,0,0,7,0,0.0,0.0,0.0,{},115,0.006046,1.596348,1.409588,"[""fLength:"", ""fWidth:"", ""fSize:"", ""fConc:"", ""fConc1:"", ""fAsym:"", ""fM3Long:"", ""fM3Trans:"", ""fAlpha:"", ""fDist:""]",[],"[""fLength:"", ""fWidth:"", ""fAsym:"", ""fM3Long:"", ""fM3Trans:"", ""fAlpha:"", ""fDist:""]",-457.9161,575.2407,30.677838,29.334586
abalone.csv,datasets/binarios/datasets/abalone.csv,binarios,desconhecida,nao_encontrado,,,,,4177,9,8,target,nome_conhecido,2,"{""1"": 2096, ""0"": 2081}","{""1"": 0.501796, ""0"": 0.498204}",1,2096,0,2081,1.007208,0.999991,7,1,0,0,1,0,0,0,0,0.0,0.0,0.0,{},0,0.0,0.286938,0.181068,"[""Sex"", ""Length"", ""Diameter"", ""Height"", ""'Whole"", ""'Shucked"", ""'Viscera"", ""'Shell"", ""target""]",[],[],0.0,2.8255,0.382703,0.174618
ailerons.csv,datasets/binarios/datasets/ailerons.csv,binarios,desconhecida,nao_encontrado,,,,,13750,41,40,target,nome_conhecido,2,"{""0"": 7922, ""1"": 5828}","{""0"": 0.576145, ""1"": 0.423855}",0,7922,1,5828,1.3593,0.983205,39,1,0,0,1,0,0,0,0,0.0,0.0,0.0,{},0,0.0,4.301197,2.585836,"[""climbRate"", ""Sgz"", ""p"", ""q"", ""curPitch"", ""curRoll"", ""absRoll"", ""diffClb"", ""diffRollRate"", ""diffDiffClb""]",[],[],-975.0,977.0,-0.589123,7.679611
anuranCalls.csv,datasets/binarios/datasets/anuranCalls.csv,binarios,desconhecida,nao_encontrado,,,,,6585,23,22,target,nome_conhecido,2,"{""1"": 4420, ""0"": 2165}","{""1"": 0.671222, ""0"": 0.328778}",1,4420,0,2165,2.04157,0.913672,22,0,0,0,0,0,0,21,0,0.0,0.0,0.0,{},0,0.0,1.155636,2.500996,"[""MFCCs_1"", ""MFCCs_2"", ""MFCCs_3"", ""MFCCs_4"", ""MFCCs_5"", ""MFCCs_6"", ""MFCCs_7"", ""MFCCs_8"", ""MFCCs_9"", ""MFCCs_10""]",[],"[""MFCCs_2"", ""MFCCs_3"", ""MFCCs_4"", ""MFCCs_5"", ""MFCCs_6"", ""MFCCs_7"", ""MFCCs_8"", ""MFCCs_9"", ""MFCCs_10"", ""MFCCs_11"", ""MFCCs_12"", ""MFCCs_13"", ""MFCCs_14"", ""MFCCs_15"", ""MFCCs_16"", ""MFCCs_17"", ""MFCCs_18"", ""MFCCs_19"", ""MFCCs_20"", ""MFCCs_21""]",-0.952266,1.0,0.119432,0.142319
balance.1.csv,datasets/binarios/datasets/balance.1.csv,binarios,desconhecida,nao_encontrado,,,,,625,5,4,target,nome_conhecido,2,"{""0"": 337, ""1"": 288}","{""0"": 0.5392, ""1"": 0.4608}",0,337,1,288,1.170139,0.995562,4,0,0,0,0,0,0,0,0,0.0,0.0,0.0,{},0,0.0,0.023968,0.039353,"[""0"", ""1"", ""2"", ""3"", ""target""]",[],[],-1.414214,1.414214,-0.0,1.000801
balance.3.csv,datasets/binarios/datasets/balance.3.csv,binarios,desconhecida,nao_encontrado,,,,,625,5,4,target,nome_conhecido,2,"{""0"": 337, ""1"": 288}","{""0"": 0.5392, ""1"": 0.4608}",0,337,1,288,1.170139,0.995562,4,0,0,0,0,0,0,0,0,0.0,0.0,0.0,{},0,0.0,0.023968,0.039353,"[""0"", ""1"", ""2"", ""3"", ""target""]",[],[],-1.414214,1.414214,-0.0,1.000801
balloon.csv,datasets/binarios/datasets/balloon.csv,binarios,desconhecida,nao_encontrado,,,,,2001,3,2,target,nome_conhecido,2,"{""0"": 1519, ""1"": 482}","{""0"": 0.75912, ""1"": 0.24088}",0,1519,1,482,3.151452,0.7965,2,0,0,0,0,0,0,1,0,0.0,0.0,0.0,{},0,0.0,0.045925,0.021475,"[""id"", ""raw"", ""target""]",[],"[""id""]",0.58,2001.0,501.547901,288.978551
bank8FM.csv,datasets/binarios/datasets/bank8FM.csv,binarios,desconhecida,nao_encontrado,,,,,8192,9,8,target,nome_conhecido,2,"{""1"": 4885, ""0"": 3307}","{""1"": 0.596313, ""0"": 0.403687}",1,4885,0,3307,1.47717,0.973066,7,1,0,0,1,0,0,7,0,0.0,0.0,0.0,{},0,0.0,0.562626,0.53381,"[""a1cx"", ""a1cy"", ""b2x"", ""b2y"", ""a2pop"", ""a3pop"", ""temp"", ""mxql"", ""target""]",[],"[""a1cx"", ""a1cy"", ""b2x"", ""b2y"", ""a2pop"", ""a3pop"", ""temp""]",-0.499999,29.7084,0.961049,1.076511
breast-cancer.csv,datasets/binarios/datasets/breast-cancer.csv,binarios,desconhecida,nao_encontrado,,,,,683,10,9,target,nome_conhecido,2,"{""1"": 444, ""0"": 239}","{""1"": 0.650073, ""0"": 0.349927}",1,444,0,239,1.857741,0.934003,9,0,0,0,0,0,0,0,0,0.0,0.0,0.0,{},234,0.342606,0.052235,0.116878,"[""0"", ""1"", ""2"", ""3"", ""4"", ""5"", ""6"", ""7"", ""8"", ""target""]",[],[],-1.221191,4.84969,0.0,1.000733
churn.csv,datasets/binarios/datasets/churn.csv,binarios,desconhecida,nao_encontrado,,,,,5000,21,20,target,nome_conhecido,2,"{""0"": 4293, ""1"": 707}","{""0"": 0.8586, ""1"": 0.1414}",0,4293,1,707,6.072136,0.587894,14,6,0,0,6,0,0,1,0,0.0,0.0,0.0,{},0,0.0,0.801212,0.392503,"[""state"", ""account_length"", ""area_code"", ""phone_number"", ""international_plan"", ""voice_mail_plan"", ""number_vmail_messages"", ""total_day_minutes"", ""total_day_calls"", ""total_day_charge""]",[],"[""phone_number""]",0.0,4999.0,255.497741,123.703415
clean2.csv,datasets/binarios/datasets/clean2.csv,binarios,desconhecida,nao_encontrado,,,,,6598,169,168,target,nome_conhecido,2,"{""0"": 5581, ""1"": 1017}","{""0"": 0.845862, ""1"": 0.154138}",0,5581,1,1017,5.487709,0.620099,168,0,0,0,0,0,0,1,0,0.0,0.0,0.0,{},0,0.0,8.507374,4.279628,"[""molecule_name"", ""conformation_name"", ""f1"", ""f2"", ""f3"", ""f4"", ""f5"", ""f6"", ""f7"", ""f8""]",[],"[""conformation_name""]",-471.0,6597.0,-25.466439,96.431588
click-prediction.csv,datasets/binarios/datasets/click-prediction.csv,binarios,desconhecida,nao_encontrado,,,,,39948,12,11,target,nome_conhecido,2,"{""1"": 33220, ""0"": 6728}","{""1"": 0.831581, ""0"": 0.168419}",1,33220,0,6728,4.937574,0.654075,9,2,0,0,2,0,0,0,0,0.0,0.0,0.0,{},22,0.000551,3.657475,2.722116,"[""V2"", ""V3"", ""V4"", ""V5"", ""V6"", ""V7"", ""V8"", ""V9"", ""V10"", ""V11""]",[],[],0.0,1.84409431695769e+19,1.0712611576854349e+18,5.5407828109933e+17
cmc.1.csv,datasets/binarios/datasets/cmc.1.csv,binarios,desconhecida,nao_encontrado,,,,,1473,10,9,target,nome_conhecido,2,"{""0"": 844, ""1"": 629}","{""0"": 0.57298, ""1"": 0.42702}",0,844,1,629,1.341812,0.984577,9,0,0,0,0,0,0,0,0,0.0,0.0,0.0,{},83,0.056348,0.112507,0.247787,"[""0"", ""1"", ""2"", ""3"", ""4"", ""5"", ""6"", ""7"", ""8"", ""target""]",[],[],-2.977356,5.402879,0.0,1.00034
cmc.2.csv,datasets/binarios/datasets/cmc.2.csv,binarios,desconhecida,nao_encontrado,,,,,1473,10,9,target,nome_conhecido,2,"{""0"": 1140, ""1"": 333}","{""0"": 0.773931, ""1"": 0.226069}",0,1140,1,333,3.423423,0.771096,9,0,0,0,0,0,0,0,0,0.0,0.0,0.0,{},70,0.047522,0.112507,0.247787,"[""0"", ""1"", ""2"", ""3"", ""4"", ""5"", ""6"", ""7"", ""8"", ""target""]",[],[],-2.977356,5.402879,0.0,1.00034
cmc.3.csv,datasets/binarios/datasets/cmc.3.csv,binarios,desconhecida,nao_encontrado,,,,,1473,10,9,target,nome_conhecido,2,"{""0"": 962, ""1"": 511}","{""0"": 0.653089, ""1"": 0.346911}",0,962,1,511,1.882583,0.931279,9,0,0,0,0,0,0,0,0,0.0,0.0,0.0,{},63,0.04277,0.112507,0.247787,"[""0"", ""1"", ""2"", ""3"", ""4"", ""5"", ""6"", ""7"", ""8"", ""target""]",[],[],-2.977356,5.402879,0.0,1.00034
cmc.csv,datasets/binarios/datasets/cmc.csv,binarios,desconhecida,nao_encontrado,,,,,1473,10,9,target,nome_conhecido,2,"{""1"": 844, ""0"": 629}","{""1"": 0.57298, ""0"": 0.42702}",1,844,0,629,1.341812,0.984577,0,9,0,0,9,0,0,0,0,0.0,0.0,0.0,{},83,0.056348,0.112507,0.02956,"[""V1"", ""V2"", ""V3"", ""V4"", ""V5"", ""V6"", ""V7"", ""V8"", ""V9"", ""target""]",[],[],,,,
covtype_reduced.csv,datasets/binarios/datasets/covtype_reduced.csv,binarios,desconhecida,nao_encontrado,,,,,8715,55,54,target,nome_conhecido,2,"{""1"": 4486, ""0"": 4229}","{""1"": 0.514745, ""0"": 0.485255}",1,4486,0,4229,1.060771,0.999373,9,45,0,0,45,0,2,0,0,0.0,0.0,0.0,{},0,0.0,3.657085,1.07571,"[""V1"", ""V2"", ""V3"", ""V4"", ""V5"", ""V6"", ""V7"", ""V8"", ""V9"", ""V10""]","[""V21"", ""V29""]",[],-145.0,7168.0,930.613795,404.779004
cpu_act.csv,datasets/binarios/datasets/cpu_act.csv,binarios,desconhecida,nao_encontrado,,,,,8192,22,21,target,nome_conhecido,2,"{""0"": 5715, ""1"": 2477}","{""0"": 0.697632, ""1"": 0.302368}",0,5715,1,2477,2.307226,0.884166,21,0,0,0,0,0,0,3,0,0.0,0.0,0.0,{},0,0.0,1.375126,0.760294,"[""lread"", ""lwrite"", ""scall"", ""sread"", ""swrite"", ""fork"", ""exec"", ""rchar"", ""wchar"", ""pgout""]",[],"[""rchar"", ""wchar"", ""freeswap""]",0.0,2526649.0,77423.038926,38448.585309
ctg.1.csv,datasets/binarios/datasets/ctg.1.csv,binarios,desconhecida,nao_encontrado,,,,,2126,22,21,target,nome_conhecido,2,"{""1"": 1655, ""0"": 471}","{""1"": 0.778457, ""0"": 0.221543}",1,1655,0,471,3.5138,0.762975,21,0,0,0,0,0,0,0,0,0.0,0.0,0.0,{},12,0.005644,0.356968,0.843493,"[""0"", ""1"", ""2"", ""3"", ""4"", ""5"", ""6"", ""7"", ""8"", ""9""]",[],[],-4.729191,21.453091,0.0,1.000235
ctg.2.csv,datasets/binarios/datasets/ctg.2.csv,binarios,desconhecida,nao_encontrado,,,,,2126,22,21,target,nome_conhecido,2,"{""0"": 1831, ""1"": 295}","{""0"": 0.861242, ""1"": 0.138758}",0,1831,1,295,6.20678,0.580977,21,0,0,0,0,0,0,0,0,0.0,0.0,0.0,{},12,0.005644,0.356968,0.843493,"[""0"", ""1"", ""2"", ""3"", ""4"", ""5"", ""6"", ""7"", ""8"", ""9""]",[],[],-4.729191,21.453091,0.0,1.000235
ctg.3.csv,datasets/binarios/datasets/ctg.3.csv,binarios,desconhecida,nao_encontrado,,,,,2126,22,21,target,nome_conhecido,2,"{""0"": 1950, ""1"": 176}","{""0"": 0.917215, ""1"": 0.082785}",0,1950,1,176,11.079545,0.411916,21,0,0,0,0,0,0,0,0,0.0,0.0,0.0,{},14,0.006585,0.356968,0.843493,"[""0"", ""1"", ""2"", ""3"", ""4"", ""5"", ""6"", ""7"", ""8"", ""9""]",[],[],-4.729191,21.453091,0.0,1.000235
default_credit_card_clients.csv,datasets/binarios/datasets/default_credit_card_clients.csv,binarios,desconhecida,nao_encontrado,,,,,30000,24,23,target,nome_conhecido,2,"{""1"": 23364, ""0"": 6636}","{""1"": 0.7788, ""0"": 0.2212}",1,23364,0,6636,3.520796,0.762353,14,9,0,0,9,0,0,0,0,0.0,0.0,0.0,{},35,0.001167,5.49329,2.573291,"[""LIMIT_BAL"", ""SEX"", ""EDUCATION"", ""MARRIAGE"", ""AGE"", ""PAY_0"", ""PAY_2"", ""PAY_3"", ""PAY_4"", ""PAY_5""]",[],[],-339603.0,1684259.0,33502.347995,45323.789937
delta_ailerons.csv,datasets/binarios/datasets/delta_ailerons.csv,binarios,desconhecida,nao_encontrado,,,,,7129,6,5,target,nome_conhecido,2,"{""1"": 3783, ""0"": 3346}","{""1"": 0.530649, ""0"": 0.469351}",1,3783,0,3346,1.130604,0.997288,5,0,0,0,0,0,0,0,0,0.0,0.0,0.0,{},0,0.0,0.326466,0.247139,"[""RollRate"", ""PitchRate"", ""currPitch"", ""currRoll"", ""diffRollRate"", ""target""]",[],[],-0.05,0.051,0.002973,0.005904
eeg.csv,datasets/binarios/datasets/eeg.csv,binarios,desconhecida,nao_encontrado,,,,,14980,15,14,target,nome_conhecido,2,"{""0"": 8257, ""1"": 6723}","{""0"": 0.551202, ""1"": 0.448798}",0,8257,1,6723,1.228172,0.992422,14,0,0,0,0,0,0,0,0,0.0,0.0,0.0,{},0,0.0,1.714451,1.613346,"[""V1"", ""V2"", ""V3"", ""V4"", ""V5"", ""V6"", ""V7"", ""V8"", ""V9"", ""V10""]",[],[],86.6667,715897.0,4316.882029,1767.288482
electricity-normalized.csv,datasets/binarios/datasets/electricity-normalized.csv,binarios,desconhecida,nao_encontrado,,,,,45312,9,8,target,nome_conhecido,2,"{""0"": 26075, ""1"": 19237}","{""0"": 0.575455, ""1"": 0.424545}",0,26075,1,19237,1.355461,0.983509,7,1,0,0,1,0,0,0,0,0.0,0.0,0.0,{},0,0.0,3.111454,2.859344,"[""date"", ""day"", ""period"", ""nswprice"", ""nswdemand"", ""vicprice"", ""vicdemand"", ""transfer"", ""target""]",[],[],0.0,1.0,0.344182,0.160418
elevators.csv,datasets/binarios/datasets/elevators.csv,binarios,desconhecida,nao_encontrado,,,,,16599,19,18,target,nome_conhecido,2,"{""1"": 11469, ""0"": 5130}","{""1"": 0.690945, ""0"": 0.309055}",1,11469,0,5130,2.235673,0.892079,17,1,0,0,1,0,0,0,0,0.0,0.0,0.0,{},0,0.0,2.406292,1.569026,"[""climbRate"", ""Sgz"", ""p"", ""q"", ""curRoll"", ""absRoll"", ""diffClb"", ""diffRollRate"", ""diffDiffClb"", ""SaTime1""]",[],[],-993.0,973.0,-1.477168,18.584954
file22f0e4a679.csv,datasets/binarios/datasets/file22f0e4a679.csv,binarios,desconhecida,nao_encontrado,,,,,1424,257,256,target,nome_conhecido,2,"{""0"": 716, ""1"": 708}","{""0"": 0.502809, ""1"": 0.497191}",0,716,1,708,1.011299,0.999977,256,0,0,0,0,0,0,194,0,0.0,0.0,0.0,{},0,0.0,2.79224,3.237031,"[""'double1'"", ""'double2'"", ""'double3'"", ""'double4'"", ""'double5'"", ""'double6'"", ""'double7'"", ""'double8'"", ""'double9'"", ""'double10'""]",[],"[""'double4'"", ""'double5'"", ""'double6'"", ""'double7'"", ""'double8'"", ""'double9'"", ""'double10'"", ""'double11'"", ""'double12'"", ""'double13'"", ""'double14'"", ""'double19'"", ""'double20'"", ""'double21'"", ""'double22'"", ""'double23'"", ""'double24'"", ""'double25'"", ""'double26'"", ""'double27'""]",-1.0,0.999989,-0.441423,0.440773
file79b563a1a18.csv,datasets/binarios/datasets/file79b563a1a18.csv,binarios,desconhecida,nao_encontrado,,,,,2984,145,144,target,nome_conhecido,2,"{""1"": 1492, ""0"": 1492}","{""1"": 0.5, ""0"": 0.5}",1,1492,0,1492,1.0,1.0,7,137,0,0,137,0,0,0,0,0.0,0.0,0.0,{},0,0.0,3.301212,0.959664,"[""'V1'"", ""'V2'"", ""'V3'"", ""'V4'"", ""'V5'"", ""'V6'"", ""'V7'"", ""'V8'"", ""'V9'"", ""'V10'""]",[],[],-0.931034,9.55422,-0.077441,0.765318
file7b5365fa741c.csv,datasets/binarios/datasets/file7b5365fa741c.csv,binarios,desconhecida,nao_encontrado,,,,,4147,49,48,target,nome_conhecido,2,"{""0"": 3118, ""1"": 1029}","{""0"": 0.751869, ""1"": 0.248131}",0,3118,1,1029,3.030126,0.808303,4,44,0,0,44,0,2,0,0,0.0,0.0,0.0,{},1,0.000241,1.550442,0.418782,"[""'V1'"", ""'V2'"", ""'V3'"", ""'V4'"", ""'V5'"", ""'V6'"", ""'V7'"", ""'V8'"", ""'V9'"", ""'V10'""]","[""'V14'"", ""'V21'""]",[],0.0,999.0,244.631239,103.025664
fri_c2_1000_10.csv,datasets/binarios/datasets/fri_c2_1000_10.csv,binarios,desconhecida,nao_encontrado,,,,,1000,11,10,target,nome_conhecido,2,"{""0"": 580, ""1"": 420}","{""0"": 0.58, ""1"": 0.42}",0,580,1,420,1.380952,0.981454,10,0,0,0,0,0,0,10,0,0.0,0.0,0.0,{},0,0.0,0.084049,0.091581,"[""oz1"", ""oz2"", ""oz3"", ""oz4"", ""oz5"", ""oz6"", ""oz7"", ""oz8"", ""oz9"", ""oz10""]",[],"[""oz1"", ""oz2"", ""oz3"", ""oz4"", ""oz5"", ""oz6"", ""oz7"", ""oz8"", ""oz9"", ""oz10""]",-2.202409,3.72686,0.0,1.0
fried.csv,datasets/binarios/datasets/fried.csv,binarios,desconhecida,nao_encontrado,,,,,40768,11,10,target,nome_conhecido,2,"{""0"": 20427, ""1"": 20341}","{""0"": 0.501055, ""1"": 0.498945}",0,20427,1,20341,1.004228,0.999997,10,0,0,0,0,0,0,0,0,0.0,0.0,0.0,{},0,0.0,3.421513,2.368261,"[""X1"", ""X2"", ""X3"", ""X4"", ""X5"", ""X6"", ""X7"", ""X8"", ""X9"", ""X10""]",[],[],0.0,1.0,0.499704,0.288349
german.csv,datasets/binarios/datasets/german.csv,binarios,desconhecida,nao_encontrado,,,,,1000,25,24,target,nome_conhecido,2,"{""1"": 700, ""0"": 300}","{""1"": 0.7, ""0"": 0.3}",1,700,0,300,2.333333,0.881291,24,0,0,0,0,0,0,0,0,0.0,0.0,0.0,{},0,0.0,0.190861,0.453191,"[""0"", ""1"", ""2"", ""3"", ""4"", ""5"", ""6"", ""7"", ""8"", ""9""]",[],[],-3.122929,6.667424,0.0,1.0005
gina_agnostic.csv,datasets/binarios/datasets/gina_agnostic.csv,binarios,desconhecida,nao_encontrado,,,,,3468,971,970,target,nome_conhecido,2,"{""0"": 1763, ""1"": 1705}","{""0"": 0.508362, ""1"": 0.491638}",0,1763,1,1705,1.034018,0.999798,927,43,0,0,43,0,0,0,0,0.0,0.0,0.0,{},0,0.0,25.691563,8.128531,"[""attr0"", ""attr1"", ""attr2"", ""attr3"", ""attr4"", ""attr5"", ""attr6"", ""attr7"", ""attr8"", ""attr9""]",[],[],0.0,255.0,56.422007,80.026373
haberman.csv,datasets/binarios/datasets/haberman.csv,binarios,desconhecida,nao_encontrado,,,,,306,4,3,target,nome_conhecido,2,"{""0"": 225, ""1"": 81}","{""0"": 0.735294, ""1"": 0.264706}",0,225,1,81,2.777778,0.833765,3,0,0,0,0,0,0,0,0,0.0,0.0,0.0,{},17,0.055556,0.009464,0.01773,"[""0"", ""1"", ""2"", ""target""]",[],[],-2.08214,6.683554,0.0,1.001638
houses.csv,datasets/binarios/datasets/houses.csv,binarios,desconhecida,nao_encontrado,,,,,20640,9,8,target,nome_conhecido,2,"{""0"": 11726, ""1"": 8914}","{""0"": 0.56812, ""1"": 0.43188}",0,11726,1,8914,1.315459,0.986569,8,0,0,0,0,0,0,0,0,0.0,0.0,0.0,{},0,0.0,1.417362,0.827743,"[""median_house_value"", ""median_income"", ""housing_median_age"", ""total_rooms"", ""total_bedrooms"", ""population"", ""households"", ""latitude"", ""target""]",[],[],0.4999,500001.0,26502.829556,14941.23653
ionosphere.csv,datasets/binarios/datasets/ionosphere.csv,binarios,desconhecida,nao_encontrado,,,,,351,35,34,target,nome_conhecido,2,"{""0"": 225, ""1"": 126}","{""0"": 0.641026, ""1"": 0.358974}",0,225,1,126,1.785714,0.941829,33,1,0,0,1,0,1,1,0,0.0,0.0,0.0,{},1,0.002849,0.093853,0.219276,"[""0"", ""1"", ""2"", ""3"", ""4"", ""5"", ""6"", ""7"", ""8"", ""9""]","[""1""]","[""27""]",-3.302507,2.167913,-0.0,1.001428
iris.2.csv,datasets/binarios/datasets/iris.2.csv,binarios,desconhecida,nao_encontrado,,,,,150,5,4,target,nome_conhecido,2,"{""0"": 100, ""1"": 50}","{""0"": 0.666667, ""1"": 0.333333}",0,100,1,50,2.0,0.918296,4,0,0,0,0,0,0,0,0,0.0,0.0,0.0,{},3,0.02,0.005848,0.011467,"[""0"", ""1"", ""2"", ""3"", ""target""]",[],[],-2.438987,3.114684,-0.0,1.00335
iris.3.csv,datasets/binarios/datasets/iris.3.csv,binarios,desconhecida,nao_encontrado,,,,,150,5,4,target,nome_conhecido,2,"{""0"": 100, ""1"": 50}","{""0"": 0.666667, ""1"": 0.333333}",0,100,1,50,2.0,0.918296,4,0,0,0,0,0,0,0,0,0.0,0.0,0.0,{},3,0.02,0.005848,0.011467,"[""0"", ""1"", ""2"", ""3"", ""target""]",[],[],-2.438987,3.114684,-0.0,1.00335
jm1-processed.csv,datasets/binarios/datasets/jm1-processed.csv,binarios,desconhecida,nao_encontrado,,,,,10880,22,21,target,nome_conhecido,2,"{""1"": 8777, ""0"": 2103}","{""1"": 0.80671, ""0"": 0.19329}",1,8777,0,2103,4.173562,0.708304,20,1,0,0,1,0,0,0,0,0.0,0.0,0.0,{},1973,0.181342,1.826298,0.999934,"[""V1"", ""V2"", ""V3"", ""V4"", ""V5"", ""V6"", ""V7"", ""V8"", ""V9"", ""V10""]",[],[],0.0,31079782.27,1998.392808,23067.112962
kdd_JapaneseVowels.csv,datasets/binarios/datasets/kdd_JapaneseVowels.csv,binarios,desconhecida,nao_encontrado,,,,,9961,15,14,target,nome_conhecido,2,"{""0"": 8347, ""1"": 1614}","{""0"": 0.837968, ""1"": 0.162032}",0,8347,1,1614,5.171623,0.639148,13,1,0,0,1,0,0,12,0,0.0,0.0,0.0,{},0,0.0,1.140072,1.149612,"[""utterance"", ""frame"", ""coefficient1"", ""coefficient2"", ""coefficient3"", ""coefficient4"", ""coefficient5"", ""coefficient6"", ""coefficient7"", ""coefficient8""]",[],"[""coefficient1"", ""coefficient2"", ""coefficient3"", ""coefficient4"", ""coefficient5"", ""coefficient6"", ""coefficient7"", ""coefficient8"", ""coefficient9"", ""coefficient10"", ""coefficient11"", ""coefficient12""]",-1.852765,88.0,1.541744,1.436944
kin8nm.csv,datasets/binarios/datasets/kin8nm.csv,binarios,desconhecida,nao_encontrado,,,,,8192,9,8,target,nome_conhecido,2,"{""1"": 4168, ""0"": 4024}","{""1"": 0.508789, ""0"": 0.491211}",1,4168,0,4024,1.035785,0.999777,8,0,0,0,0,0,0,8,0,0.0,0.0,0.0,{},0,0.0,0.562626,0.602467,"[""theta1"", ""theta2"", ""theta3"", ""theta4"", ""theta5"", ""theta6"", ""theta7"", ""theta8"", ""target""]",[],"[""theta1"", ""theta2"", ""theta3"", ""theta4"", ""theta5"", ""theta6"", ""theta7"", ""theta8""]",-1.570681,1.570753,0.002473,0.905281
letter-recognition.csv,datasets/binarios/datasets/letter-recognition.csv,binarios,desconhecida,nao_encontrado,,,,,20000,17,16,target,nome_conhecido,2,"{""1"": 16122, ""0"": 3878}","{""1"": 0.8061, ""0"": 0.1939}",1,16122,0,3878,4.157298,0.709559,0,16,0,0,16,0,0,0,0,0.0,0.0,0.0,{},1332,0.0666,2.59412,0.679615,"[""V2"", ""V3"", ""V4"", ""V5"", ""V6"", ""V7"", ""V8"", ""V9"", ""V10"", ""V11""]",[],[],,,,
magic.csv,datasets/binarios/datasets/magic.csv,binarios,desconhecida,nao_encontrado,,,,,19020,11,10,target,nome_conhecido,2,"{""0"": 12332, ""1"": 6688}","{""0"": 0.64837, ""1"": 0.35163}",0,12332,1,6688,1.8439,0.935515,10,0,0,0,0,0,0,7,0,0.0,0.0,0.0,{},115,0.006046,1.596348,1.409541,"[""V1"", ""V2"", ""V3"", ""V4"", ""V5"", ""V6"", ""V7"", ""V8"", ""V9"", ""V10""]",[],"[""V1"", ""V2"", ""V6"", ""V7"", ""V8"", ""V9"", ""V10""]",-457.9161,575.2407,30.677838,29.334586
mammographic.csv,datasets/binarios/datasets/mammographic.csv,binarios,desconhecida,nao_encontrado,,,,,830,6,5,target,nome_conhecido,2,"{""0"": 427, ""1"": 403}","{""0"": 0.514458, ""1"": 0.485542}",0,427,1,403,1.059553,0.999397,5,0,0,0,0,0,0,0,0,0.0,0.0,0.0,{},266,0.320482,0.03812,0.079673,"[""0"", ""1"", ""2"", ""3"", ""4"", ""target""]",[],[],-5.462015,26.814924,0.0,1.000603
mozilla.csv,datasets/binarios/datasets/mozilla.csv,binarios,desconhecida,nao_encontrado,,,,,15545,6,5,target,nome_conhecido,2,"{""0"": 10437, ""1"": 5108}","{""0"": 0.671406, ""1"": 0.328594}",0,10437,1,5108,2.043265,0.913484,4,1,0,0,1,0,0,0,0,0.0,0.0,0.0,{},0,0.0,0.71172,0.371224,"[""V1"", ""V2"", ""V3"", ""V4"", ""V5"", ""target""]",[],[],0.0,1965873.0,276998.061821,275069.306238
namao.csv,datasets/binarios/datasets/namao.csv,binarios,desconhecida,nao_encontrado,,,,,34465,119,118,target,nome_conhecido,2,"{""1"": 24621, ""0"": 9844}","{""1"": 0.714377, ""0"": 0.285623}",1,24621,0,9844,2.501117,0.863,89,29,0,0,29,0,0,0,0,0.0,0.0,0.0,{},2403,0.069723,31.290829,21.553444,"[""V1"", ""V2"", ""V3"", ""V4"", ""V5"", ""V6"", ""V7"", ""V8"", ""V9"", ""V10""]",[],[],0.0,1.0,0.793446,0.178223
occupancy.csv,datasets/binarios/datasets/occupancy.csv,binarios,desconhecida,nao_encontrado,,,,,20560,6,5,target,nome_conhecido,2,"{""1"": 15810, ""0"": 4750}","{""1"": 0.768969, ""0"": 0.231031}",1,15810,0,4750,3.328421,0.779804,5,0,0,0,0,0,0,0,0,0.0,0.0,0.0,{},1441,0.070088,0.941288,0.919477,"[""Temperature"", ""Humidity"", ""Light"", ""CO2"", ""HumidityRatio"", ""target""]",[],[],0.0,2076.5,173.975253,105.534078
page-blocks.csv,datasets/binarios/datasets/page-blocks.csv,binarios,desconhecida,nao_encontrado,,,,,5473,11,10,target,nome_conhecido,2,"{""1"": 4913, ""0"": 560}","{""1"": 0.89768, ""0"": 0.10232}",1,4913,0,560,8.773214,0.476308,10,0,0,0,0,0,0,0,0,0.0,0.0,0.0,{},70,0.01279,0.459438,0.229762,"[""height"", ""lenght"", ""area"", ""eccen"", ""p_black"", ""p_and"", ""mean_tr"", ""blackpix"", ""blackand"", ""wb_trans""]",[],[],0.007,143993.0,253.327586,840.233619
pageblocks.5.csv,datasets/binarios/datasets/pageblocks.5.csv,binarios,desconhecida,nao_encontrado,,,,,5473,11,10,target,nome_conhecido,2,"{""0"": 5358, ""1"": 115}","{""0"": 0.978988, ""1"": 0.021012}",0,5358,1,115,46.591304,0.147087,10,0,0,0,0,0,0,0,0,0.0,0.0,0.0,{},79,0.014434,0.459438,1.061705,"[""0"", ""1"", ""2"", ""3"", ""4"", ""5"", ""6"", ""7"", ""8"", ""9""]",[],[],-4.237157,71.645962,0.0,1.000091
pendigits.csv,datasets/binarios/datasets/pendigits.csv,binarios,desconhecida,nao_encontrado,,,,,10992,17,16,target,nome_conhecido,2,"{""0"": 9848, ""1"": 1144}","{""0"": 0.895924, ""1"": 0.104076}",0,9848,1,1144,8.608392,0.481784,16,0,0,0,0,0,0,0,0,0.0,0.0,0.0,{},0,0.0,1.425785,0.514745,"[""input1"", ""input2"", ""input3"", ""input4"", ""input5"", ""input6"", ""input7"", ""input8"", ""input9"", ""input10""]",[],[],0.0,100.0,50.711046,29.774238
phoneme.csv,datasets/binarios/datasets/phoneme.csv,binarios,desconhecida,nao_encontrado,,,,,5404,6,5,target,nome_conhecido,2,"{""0"": 3818, ""1"": 1586}","{""0"": 0.706514, ""1"": 0.293486}",0,3818,1,1586,2.407314,0.873182,5,0,0,0,0,0,0,5,0,0.0,0.0,0.0,{},9,0.001665,0.247501,0.254939,"[""V1"", ""V2"", ""V3"", ""V4"", ""V5"", ""target""]",[],"[""V1"", ""V2"", ""V3"", ""V4"", ""V5""]",-3.038709,4.586666,-0.0,1.0
php50jXam.csv,datasets/binarios/datasets/php50jXam.csv,binarios,desconhecida,nao_encontrado,,,,,1372,5,4,target,nome_conhecido,2,"{""1"": 762, ""0"": 610}","{""1"": 0.555394, ""0"": 0.444606}",1,762,0,610,1.24918,0.991128,4,0,0,0,0,0,0,4,0,0.0,0.0,0.0,{},24,0.017493,0.052464,0.042943,"[""V1"", ""V2"", ""V3"", ""V4"", ""target""]",[],"[""V1"", ""V2"", ""V3"", ""V4""]",-13.7731,17.9274,0.640515,3.780713
phpGUrE90.csv,datasets/binarios/datasets/phpGUrE90.csv,binarios,desconhecida,nao_encontrado,,,,,1055,42,41,target,nome_conhecido,2,"{""0"": 699, ""1"": 356}","{""0"": 0.662559, ""1"": 0.337441}",0,699,1,356,1.963483,0.922349,17,24,0,0,24,0,0,2,0,0.0,0.0,0.0,{},3,0.002844,0.338184,0.150059,"[""V1"", ""V2"", ""V3"", ""V4"", ""V5"", ""V6"", ""V7"", ""V8"", ""V9"", ""V10""]",[],"[""V2"", ""V39""]",-5.256,71.167,5.389893,1.82508
phpMD2hR6.csv,datasets/binarios/datasets/phpMD2hR6.csv,binarios,desconhecida,nao_encontrado,,,,,88588,7,6,target,nome_conhecido,2,"{""1"": 44365, ""0"": 44223}","{""1"": 0.500801, ""0"": 0.499199}",1,44365,0,44223,1.003211,0.999998,6,0,0,0,0,0,0,0,0,0.0,0.0,0.0,{},0,0.0,4.731236,3.967355,"[""acceleration_x"", ""acceleration_y"", ""acceleration_z"", ""gyro_x"", ""gyro_y"", ""gyro_z"", ""target""]",[],[],-94.8,112.662,-0.862429,10.249285
phpWfYmlu.csv,datasets/binarios/datasets/phpWfYmlu.csv,binarios,desconhecida,nao_encontrado,,,,,7400,21,20,target,nome_conhecido,2,"{""0"": 3736, ""1"": 3664}","{""0"": 0.504865, ""1"": 0.495135}",0,3736,1,3664,1.019651,0.999932,20,0,0,0,0,0,0,0,0,0.0,0.0,0.0,{},0,0.0,1.185734,0.68047,"[""V1"", ""V2"", ""V3"", ""V4"", ""V5"", ""V6"", ""V7"", ""V8"", ""V9"", ""V10""]",[],[],-8778.0,7627.0,204.23425,1503.282562
phphQEck0.csv,datasets/binarios/datasets/phphQEck0.csv,binarios,desconhecida,nao_encontrado,,,,,245057,4,3,target,nome_conhecido,2,"{""1"": 194198, ""0"": 50859}","{""1"": 0.792461, ""0"": 0.207539}",1,194198,0,50859,3.818361,0.736753,3,0,0,0,0,0,0,0,0,0.0,0.0,0.0,{},193613,0.790073,7.478672,3.009583,"[""V1"", ""V2"", ""V3"", ""target""]",[],[],0.0,255.0,126.916641,64.919672
phplE7q6h.csv,datasets/binarios/datasets/phplE7q6h.csv,binarios,desconhecida,nao_encontrado,,,,,14980,15,14,target,nome_conhecido,2,"{""1"": 8257, ""0"": 6723}","{""1"": 0.551202, ""0"": 0.448798}",1,8257,0,6723,1.228172,0.992422,14,0,0,0,0,0,0,0,0,0.0,0.0,0.0,{},0,0.0,1.714451,1.613346,"[""V1"", ""V2"", ""V3"", ""V4"", ""V5"", ""V6"", ""V7"", ""V8"", ""V9"", ""V10""]",[],[],86.6667,715897.0,4316.882029,1767.288482
phpmPOD5A.csv,datasets/binarios/datasets/phpmPOD5A.csv,binarios,desconhecida,nao_encontrado,,,,,32769,10,9,target,nome_conhecido,2,"{""1"": 30872, ""0"": 1897}","{""1"": 0.94211, ""0"": 0.05789}",1,30872,0,1897,16.274117,0.319012,9,0,0,0,0,0,0,0,0,0.0,0.0,0.0,{},0,0.0,2.500202,1.943486,"[""RESOURCE"", ""MGR_ID"", ""ROLE_ROLLUP_1"", ""ROLE_ROLLUP_2"", ""ROLE_DEPTNAME"", ""ROLE_TITLE"", ""ROLE_FAMILY_DESC"", ""ROLE_FAMILY"", ""ROLE_CODE"", ""target""]",[],[],0.0,312153.0,113629.718481,34589.890035
phpwRjVjk.csv,datasets/binarios/datasets/phpwRjVjk.csv,binarios,desconhecida,nao_encontrado,,,,,5300,3,2,target,nome_conhecido,2,"{""0"": 2924, ""1"": 2376}","{""0"": 0.551698, ""1"": 0.448302}",0,2924,1,2376,1.23064,0.992274,2,0,0,0,0,0,0,0,0,0.0,0.0,0.0,{},8,0.001509,0.121433,0.071665,"[""V1"", ""V2"", ""target""]",[],[],-3.09,3.19,1.7e-05,0.999959
phpxijhaP.csv,datasets/binarios/datasets/phpxijhaP.csv,binarios,desconhecida,nao_encontrado,,,,,7400,21,20,target,nome_conhecido,2,"{""1"": 3703, ""0"": 3697}","{""1"": 0.500405, ""0"": 0.499595}",1,3703,0,3697,1.001623,1.0,20,0,0,0,0,0,0,20,0,0.0,0.0,0.0,{},0,0.0,1.185734,1.057104,"[""V1"", ""V2"", ""V3"", ""V4"", ""V5"", ""V6"", ""V7"", ""V8"", ""V9"", ""V10""]",[],"[""V1"", ""V2"", ""V3"", ""V4"", ""V5"", ""V6"", ""V7"", ""V8"", ""V9"", ""V10"", ""V11"", ""V12"", ""V13"", ""V14"", ""V15"", ""V16"", ""V17"", ""V18"", ""V19"", ""V20""]",-4.5744,5.6395,0.002311,1.092579
pol.csv,datasets/binarios/datasets/pol.csv,binarios,desconhecida,nao_encontrado,,,,,15000,49,48,target,nome_conhecido,2,"{""1"": 9959, ""0"": 5041}","{""1"": 0.663933, ""0"": 0.336067}",1,9959,0,5041,1.9756,0.921005,22,26,0,0,26,0,22,0,0,0.0,0.0,0.0,{},42,0.0028,5.607731,1.636929,"[""f1"", ""f2"", ""f3"", ""f4"", ""f5"", ""f6"", ""f7"", ""f8"", ""f9"", ""f10""]","[""f1"", ""f2"", ""f3"", ""f4"", ""f10"", ""f11"", ""f12"", ""f34"", ""f35"", ""f36"", ""f37"", ""f38"", ""f39"", ""f40"", ""f41"", ""f42"", ""f43"", ""f44"", ""f45"", ""f46""]",[],0.0,200.0,23.681394,13.692879
pollen.csv,datasets/binarios/datasets/pollen.csv,binarios,desconhecida,nao_encontrado,,,,,3848,6,5,target,nome_conhecido,2,"{""1"": 1924, ""0"": 1924}","{""1"": 0.5, ""0"": 0.5}",1,1924,0,1924,1.0,1.0,5,0,0,0,0,0,0,5,0,0.0,0.0,0.0,{},0,0.0,0.176273,0.145684,"[""RIDGE"", ""NUB"", ""CRACK"", ""WEIGHT"", ""DENSITY"", ""target""]",[],"[""RIDGE"", ""NUB"", ""CRACK"", ""WEIGHT"", ""DENSITY""]",-34.0352,35.8028,0.000806,6.529446
puma32H.csv,datasets/binarios/datasets/puma32H.csv,binarios,desconhecida,nao_encontrado,,,,,8192,33,32,target,nome_conhecido,2,"{""1"": 4128, ""0"": 4064}","{""1"": 0.503906, ""0"": 0.496094}",1,4128,0,4064,1.015748,0.999956,32,0,0,0,0,0,0,32,0,0.0,0.0,0.0,{},0,0.0,2.062626,2.338445,"[""theta1"", ""theta2"", ""theta3"", ""theta4"", ""theta5"", ""theta6"", ""thetad1"", ""thetad2"", ""thetad3"", ""thetad4""]",[],"[""theta1"", ""theta2"", ""theta3"", ""theta4"", ""theta5"", ""theta6"", ""thetad1"", ""thetad2"", ""thetad3"", ""thetad4"", ""thetad5"", ""thetad6"", ""tau1"", ""tau2"", ""tau3"", ""tau4"", ""tau5"", ""dm1"", ""dm2"", ""dm3""]",-74.999533,74.996991,0.660609,7.586924
puma8NH.csv,datasets/binarios/datasets/puma8NH.csv,binarios,desconhecida,nao_encontrado,,,,,8192,9,8,target,nome_conhecido,2,"{""1"": 4114, ""0"": 4078}","{""1"": 0.502197, ""0"": 0.497803}",1,4114,0,4078,1.008828,0.999986,8,0,0,0,0,0,0,8,0,0.0,0.0,0.0,{},0,0.0,0.562626,0.60225,"[""theta1"", ""theta2"", ""theta3"", ""thetad1"", ""thetad2"", ""thetad3"", ""tau1"", ""tau2"", ""target""]",[],"[""theta1"", ""theta2"", ""theta3"", ""thetad1"", ""thetad2"", ""thetad3"", ""tau1"", ""tau2""]",-1.884785,1.884923,0.002657,0.901609
quake.csv,datasets/binarios/datasets/quake.csv,binarios,desconhecida,nao_encontrado,,,,,2178,4,3,target,nome_conhecido,2,"{""1"": 1209, ""0"": 969}","{""1"": 0.555096, ""0"": 0.444904}",1,1209,0,969,1.247678,0.991223,3,0,0,0,0,0,0,2,0,0.0,0.0,0.0,{},3,0.001377,0.066593,0.037497,"[""focal_depth"", ""latitude"", ""longitude"", ""target""]",[],"[""latitude"", ""longitude""]",-179.96,656.0,45.745598,88.629653
sonar.csv,datasets/binarios/datasets/sonar.csv,binarios,desconhecida,nao_encontrado,,,,,208,61,60,target,nome_conhecido,2,"{""0"": 111, ""1"": 97}","{""0"": 0.533654, ""1"": 0.466346}",0,111,1,97,1.14433,0.99673,60,0,0,0,0,0,0,49,0,0.0,0.0,0.0,{},0,0.0,0.096928,0.234789,"[""0"", ""1"", ""2"", ""3"", ""4"", ""5"", ""6"", ""7"", ""8"", ""9""]",[],"[""0"", ""1"", ""2"", ""3"", ""4"", ""5"", ""6"", ""7"", ""8"", ""9"", ""10"", ""11"", ""12"", ""13"", ""14"", ""15"", ""16"", ""17"", ""18"", ""19""]",-2.813072,8.025419,0.0,1.002413
space_ga.csv,datasets/binarios/datasets/space_ga.csv,binarios,desconhecida,nao_encontrado,,,,,3107,7,6,target,nome_conhecido,2,"{""0"": 1566, ""1"": 1541}","{""0"": 0.504023, ""1"": 0.495977}",0,1566,1,1541,1.016223,0.999953,6,0,0,0,0,0,0,6,0,0.0,0.0,0.0,{},0,0.0,0.166058,0.175773,"[""ln(VOTES/POP)"", ""POP"", ""EDUCATION"", ""HOUSES"", ""INCOME"", ""XCOORD"", ""target""]",[],"[""ln(VOTES/POP)"", ""POP"", ""EDUCATION"", ""HOUSES"", ""INCOME"", ""XCOORD""]",-124229902.0,17.943991,-15273134.720529,1912616.011723
spambase(1).csv,datasets/binarios/datasets/spambase(1).csv,binarios,desconhecida,nao_encontrado,,,,,4601,58,57,target,nome_conhecido,2,"{""0"": 2788, ""1"": 1813}","{""0"": 0.605955, ""1"": 0.394045}",0,2788,1,1813,1.537783,0.96736,57,0,0,0,0,0,0,0,0,0.0,0.0,0.0,{},391,0.084982,2.036091,5.116379,"[""0"", ""1"", ""2"", ""3"", ""4"", ""5"", ""6"", ""7"", ""8"", ""9""]",[],[],-0.936242,50.992049,0.0,1.000109
spambase.csv,datasets/binarios/datasets/spambase.csv,binarios,desconhecida,nao_encontrado,,,,,4601,58,57,target,nome_conhecido,2,"{""1"": 2788, ""0"": 1813}","{""1"": 0.605955, ""0"": 0.394045}",1,2788,0,1813,1.537783,0.96736,57,0,0,0,0,0,0,0,0,0.0,0.0,0.0,{},391,0.084982,2.036091,1.055366,"[""V1"", ""V2"", ""V3"", ""V4"", ""V5"", ""V6"", ""V7"", ""V8"", ""V9"", ""V10""]",[],[],0.0,15841.0,6.15077,15.193998
spectf.csv,datasets/binarios/datasets/spectf.csv,binarios,desconhecida,nao_encontrado,,,,,267,45,44,target,nome_conhecido,2,"{""0"": 212, ""1"": 55}","{""0"": 0.794007, ""1"": 0.205993}",0,212,1,55,3.854545,0.733752,44,0,0,0,0,0,0,0,0,0.0,0.0,0.0,{},0,0.0,0.091793,0.220176,"[""0"", ""1"", ""2"", ""3"", ""4"", ""5"", ""6"", ""7"", ""8"", ""9""]",[],[],-8.183357,2.645691,-0.0,1.001878
sylva_prior.csv,datasets/binarios/datasets/sylva_prior.csv,binarios,desconhecida,nao_encontrado,,,,,14395,109,108,target,nome_conhecido,2,"{""0"": 13509, ""1"": 886}","{""0"": 0.938451, ""1"": 0.061549}",0,13509,1,886,15.247178,0.333564,19,89,0,0,89,0,1,0,0,0.0,0.0,0.0,{},0,0.0,11.971066,3.516809,"[""Elevation"", ""Aspect"", ""Slope"", ""Horizontal_Distance_To_Hydrology"", ""Vertical_Distance_To_Hydrology"", ""Horizontal_Distance_To_Roadways"", ""Hillshade_9am"", ""Hillshade_Noon"", ""Hillshade_3pm"", ""Horizontal_Distance_To_Fire_Points""]","[""dup_Soil_Type_15""]",[],0.0,999.0,467.20906,154.591013
tictactoe.csv,datasets/binarios/datasets/tictactoe.csv,binarios,desconhecida,nao_encontrado,,,,,958,10,9,target,nome_conhecido,2,"{""0"": 626, ""1"": 332}","{""0"": 0.653445, ""1"": 0.346555}",0,626,1,332,1.885542,0.930954,9,0,0,0,0,0,0,0,0,0.0,0.0,0.0,{},0,0.0,0.073215,0.161845,"[""0"", ""1"", ""2"", ""3"", ""4"", ""5"", ""6"", ""7"", ""8"", ""target""]",[],[],-1.241994,1.10683,-0.0,1.000522
transfusion.csv,datasets/binarios/datasets/transfusion.csv,binarios,desconhecida,nao_encontrado,,,,,748,5,4,target,nome_conhecido,2,"{""0"": 570, ""1"": 178}","{""0"": 0.762032, ""1"": 0.237968}",0,570,1,178,3.202247,0.791645,4,0,0,0,0,0,0,0,0,0.0,0.0,0.0,{},215,0.287433,0.02866,0.057663,"[""0"", ""1"", ""2"", ""3"", ""target""]",[],[],-1.325186,7.971997,-0.0,1.000669
visualizing_soil.csv,datasets/binarios/datasets/visualizing_soil.csv,binarios,desconhecida,nao_encontrado,,,,,8641,5,4,target,nome_conhecido,2,"{""1"": 4753, ""0"": 3888}","{""1"": 0.550052, ""0"": 0.449948}",1,4753,0,3888,1.222479,0.992759,3,1,0,0,1,0,0,1,0,0.0,0.0,0.0,{},0,0.0,0.329754,0.194217,"[""northing"", ""easting"", ""resistivity"", ""isns"", ""target""]",[],"[""northing""]",-0.01,166.01,17.852377,10.115508
wind.csv,datasets/binarios/datasets/wind.csv,binarios,desconhecida,nao_encontrado,,,,,6574,15,14,target,nome_conhecido,2,"{""1"": 3501, ""0"": 3073}","{""1"": 0.532552, ""0"": 0.467448}",1,3501,0,3073,1.139278,0.99694,11,3,0,0,3,0,0,0,0,0.0,0.0,0.0,{},0,0.0,0.75246,0.431187,"[""year"", ""month"", ""day"", ""RPT"", ""VAL"", ""ROS"", ""KIL"", ""SHA"", ""BIR"", ""DUB""]",[],[],0.0,42.38,9.740093,4.762592
wine-q-red.csv,datasets/binarios/datasets/wine-q-red.csv,binarios,desconhecida,nao_encontrado,,,,,1599,12,11,target,nome_conhecido,2,"{""1"": 855, ""0"": 744}","{""1"": 0.534709, ""0"": 0.465291}",1,855,0,744,1.149194,0.996521,11,0,0,0,0,0,0,0,0,0.0,0.0,0.0,{},240,0.150094,0.146519,0.335092,"[""0"", ""1"", ""2"", ""3"", ""4"", ""5"", ""6"", ""7"", ""8"", ""9""]",[],[],-3.700401,11.127035,0.0,1.000313
wine-q-white.csv,datasets/binarios/datasets/wine-q-white.csv,binarios,desconhecida,nao_encontrado,,,,,4898,12,11,target,nome_conhecido,2,"{""1"": 3258, ""0"": 1640}","{""1"": 0.665169, ""0"": 0.334831}",1,3258,0,1640,1.986585,0.919786,11,0,0,0,0,0,0,0,0,0.0,0.0,0.0,{},937,0.191303,0.448551,1.020661,"[""0"", ""1"", ""2"", ""3"", ""4"", ""5"", ""6"", ""7"", ""8"", ""9""]",[],[],-3.620351,15.031298,0.0,1.000102
wine.1.csv,datasets/binarios/datasets/wine.1.csv,binarios,desconhecida,nao_encontrado,,,,,178,14,13,target,nome_conhecido,2,"{""0"": 119, ""1"": 59}","{""0"": 0.668539, ""1"": 0.331461}",0,119,1,59,2.016949,0.916412,13,0,0,0,0,0,0,0,0,0.0,0.0,0.0,{},0,0.0,0.019138,0.043724,"[""0"", ""1"", ""2"", ""3"", ""4"", ""5"", ""6"", ""7"", ""8"", ""9""]",[],[],-3.679162,4.371372,-0.0,1.002821
wine.2.csv,datasets/binarios/datasets/wine.2.csv,binarios,desconhecida,nao_encontrado,,,,,178,14,13,target,nome_conhecido,2,"{""0"": 107, ""1"": 71}","{""0"": 0.601124, ""1"": 0.398876}",0,107,1,71,1.507042,0.97029,13,0,0,0,0,0,0,0,0,0.0,0.0,0.0,{},0,0.0,0.019138,0.043724,"[""0"", ""1"", ""2"", ""3"", ""4"", ""5"", ""6"", ""7"", ""8"", ""9""]",[],[],-3.679162,4.371372,-0.0,1.002821
wine.3.csv,datasets/binarios/datasets/wine.3.csv,binarios,desconhecida,nao_encontrado,,,,,178,14,13,target,nome_conhecido,2,"{""0"": 130, ""1"": 48}","{""0"": 0.730337, ""1"": 0.269663}",0,130,1,48,2.708333,0.840981,13,0,0,0,0,0,0,0,0,0.0,0.0,0.0,{},0,0.0,0.019138,0.043724,"[""0"", ""1"", ""2"", ""3"", ""4"", ""5"", ""6"", ""7"", ""8"", ""9""]",[],[],-3.679162,4.371372,-0.0,1.002821
winetype.csv,datasets/binarios/datasets/winetype.csv,binarios,desconhecida,nao_encontrado,,,,,6497,13,12,target,nome_conhecido,2,"{""1"": 4898, ""0"": 1599}","{""1"": 0.753886, ""0"": 0.246114}",1,4898,0,1599,3.063164,0.80506,11,1,0,0,1,0,0,0,0,0.0,0.0,0.0,{},1177,0.181161,0.644512,0.374071,"[""fixed_acidity"", ""volatile_acidity"", ""citric_acid"", ""residual_sugar"", ""chlorides"", ""free_sulfur_dioxide"", ""total_sulfur_dioxide"", ""density"", ""pH"", ""sulphates""]",[],[],0.0,440.0,15.898094,7.470526
yeast.csv,datasets/binarios/datasets/yeast.csv,binarios,desconhecida,nao_encontrado,,,,,1484,9,8,target,nome_conhecido,2,"{""0"": 1055, ""1"": 429}","{""0"": 0.710916, ""1"": 0.289084}",0,1055,1,429,2.459207,0.867534,8,0,0,0,0,0,0,0,0,0.0,0.0,0.0,{},31,0.020889,0.102024,0.229894,"[""0"", ""1"", ""2"", ""3"", ""4"", ""5"", ""6"", ""7"", ""target""]",[],[],-8.651963,10.87141,0.0,1.000337
IRIS.csv,datasets/multiclasse/kaggle/IRIS.csv,multiclasse,kaggle,path_hint,,,,,150,5,4,class,nome_conhecido,3,"{""Iris-setosa"": 50, ""Iris-versicolor"": 50, ""Iris-virginica"": 50}","{""Iris-setosa"": 0.333333, ""Iris-versicolor"": 0.333333, ""Iris-virginica"": 0.333333}",Iris-setosa,50,Iris-virginica,50,1.0,1.584963,4,0,0,0,0,0,0,0,0,0.0,0.0,0.0,{},3,0.02,0.007755,0.004401,"[""sepal_length"", ""sepal_width"", ""petal_length"", ""petal_width"", ""class""]",[],[],0.1,7.9,3.463667,0.94731
Student_performance_data.csv,datasets/multiclasse/kaggle/Student_performance_data.csv,multiclasse,kaggle,path_hint,,,,,2392,15,14,class,nome_conhecido,5,"{""4.0"": 1211, ""3.0"": 414, ""2.0"": 391, ""1.0"": 269, ""0.0"": 107}","{""4.0"": 0.506271, ""3.0"": 0.173077, ""2.0"": 0.163462, ""1.0"": 0.112458, ""0.0"": 0.044732}",4.0,1211,0.0,107,11.317757,1.917306,3,11,0,0,11,0,0,3,0,0.0,0.0,0.0,{},0,0.0,0.273869,0.159164,"[""StudentID"", ""Age"", ""Gender"", ""Ethnicity"", ""ParentalEducation"", ""StudyTimeWeekly"", ""Absences"", ""Tutoring"", ""ParentalSupport"", ""Extracurricular""]",[],"[""StudentID"", ""StudyTimeWeekly"", ""GPA""]",0.0,3392.0,736.059393,232.407725
cirrhosis.csv,datasets/multiclasse/kaggle/cirrhosis.csv,multiclasse,kaggle,path_hint,,,,,418,20,19,class,nome_conhecido,5,"{""3.0"": 155, ""4.0"": 144, ""2.0"": 92, ""1.0"": 21, ""<NA>"": 6}","{""3.0"": 0.370813, ""4.0"": 0.344498, ""2.0"": 0.220096, ""1.0"": 0.050239, ""<NA>"": 0.014354}",3.0,155,<NA>,6,25.833333,1.845673,12,7,0,7,0,0,0,4,1033,0.123565,0.129313,0.325359,"{""Tryglicerides"": 136, ""Cholesterol"": 134, ""Copper"": 108, ""SGOT"": 106, ""Ascites"": 106}",0,0.0,0.06951,0.030384,"[""ID"", ""N_Days"", ""Status"", ""Drug"", ""Age"", ""Sex"", ""Ascites"", ""Hepatomegaly"", ""Spiders"", ""Edema""]",[],"[""ID"", ""N_Days"", ""Age"", ""Alk_Phos""]",0.3,28650.0,1969.348477,643.775335
Test.csv,datasets/multiclasse/kaggle/customer_segmentation/Test.csv,multiclasse,kaggle,path_hint,,,,,2627,10,9,Var_1,ultima_coluna,8,"{""Cat_6"": 1672, ""Cat_4"": 386, ""Cat_3"": 267, ""Cat_2"": 141, ""Cat_7"": 66, ""Cat_1"": 34, ""<NA>"": 32, ""Cat_5"": 29}","{""Cat_6"": 0.636467, ""Cat_4"": 0.146936, ""Cat_3"": 0.101637, ""Cat_2"": 0.053673, ""Cat_7"": 0.025124, ""Cat_1"": 0.012943, ""<NA>"": 0.012181, ""Cat_5"": 0.011039}",Cat_6,1672,Cat_5,29,57.655172,1.747072,2,7,0,5,2,0,0,1,526,0.020023,0.020894,0.102398,"{""Work_Experience"": 269, ""Family_Size"": 113, ""Ever_Married"": 50, ""Profession"": 38, ""Graduated"": 24}",0,0.0,0.269545,0.126932,"[""ID"", ""Gender"", ""Ever_Married"", ""Age"", ""Graduated"", ""Profession"", ""Work_Experience"", ""Spending_Score"", ""Family_Size"", ""Var_1""]",[],"[""ID""]",18.0,467968.0,231738.784355,1317.606356
sample_submission.csv,datasets/multiclasse/kaggle/customer_segmentation/sample_submission.csv,multiclasse,kaggle,path_hint,,,,,2627,2,1,Segmentation,ultima_coluna,1,"{""A"": 2627}","{""A"": 1.0}",A,2627,A,2627,1.0,-0.0,1,0,0,0,0,0,0,1,0,0.0,0.0,0.0,{},0,0.0,0.042716,0.022563,"[""ID"", ""Segmentation""]",[],"[""ID""]",458989.0,467968.0,463433.918919,2618.245698
customer_segmentation.csv,datasets/multiclasse/kaggle/customer_segmentation.csv,multiclasse,kaggle,path_hint,,,,,8068,11,10,class,nome_conhecido,4,"{""D"": 2268, ""A"": 1972, ""C"": 1970, ""B"": 1858}","{""D"": 0.281111, ""A"": 0.244422, ""C"": 0.244175, ""B"": 0.230293}",D,2268,B,1858,1.220667,1.995976,2,8,0,6,2,0,0,1,1582,0.017826,0.019608,0.102752,"{""Work_Experience"": 829, ""Family_Size"": 335, ""Ever_Married"": 140, ""Profession"": 124, ""Graduated"": 78}",0,0.0,0.89737,0.405657,"[""ID"", ""Gender"", ""Ever_Married"", ""Age"", ""Graduated"", ""Profession"", ""Work_Experience"", ""Spending_Score"", ""Family_Size"", ""Var_1""]",[],"[""ID""]",18.0,467974.0,231761.340729,1306.046464
fashion-mnist.csv,datasets/multiclasse/kaggle/fashion-mnist.csv,multiclasse,kaggle,path_hint,,,,,70000,785,784,class,nome_conhecido,10,"{""2"": 7000, ""9"": 7000, ""6"": 7000, ""0"": 7000, ""3"": 7000, ""4"": 7000, ""5"": 7000, ""8"": 7000, ""7"": 7000, ""1"": 7000}","{""2"": 0.1, ""9"": 0.1, ""6"": 0.1, ""0"": 0.1, ""3"": 0.1, ""4"": 0.1, ""5"": 0.1, ""8"": 0.1, ""7"": 0.1, ""1"": 0.1}",2,7000,1,7000,1.0,3.321928,775,9,0,0,9,0,0,0,0,0.0,0.0,0.0,{},53,0.000757,419.235355,148.093158,"[""class"", ""pixel1"", ""pixel2"", ""pixel3"", ""pixel4"", ""pixel5"", ""pixel6"", ""pixel7"", ""pixel8"", ""pixel9""]",[],[],0.0,255.0,73.833298,70.862409
fashion-mnist_test.csv,datasets/multiclasse/kaggle/fashionmnist/fashion-mnist_test.csv,multiclasse,kaggle,path_hint,,,,,10000,785,784,label,nome_conhecido,10,"{""0"": 1000, ""1"": 1000, ""2"": 1000, ""3"": 1000, ""8"": 1000, ""6"": 1000, ""5"": 1000, ""4"": 1000, ""7"": 1000, ""9"": 1000}","{""0"": 0.1, ""1"": 0.1, ""2"": 0.1, ""3"": 0.1, ""8"": 0.1, ""6"": 0.1, ""5"": 0.1, ""4"": 0.1, ""7"": 0.1, ""9"": 0.1}",0,1000,9,1000,1.0,3.321928,758,26,0,0,26,0,0,0,0,0.0,0.0,0.0,{},1,0.0001,59.890873,21.149341,"[""label"", ""pixel1"", ""pixel2"", ""pixel3"", ""pixel4"", ""pixel5"", ""pixel6"", ""pixel7"", ""pixel8"", ""pixel9""]",[],[],0.0,255.0,75.66495,72.465568
fashion-mnist_train.csv,datasets/multiclasse/kaggle/fashionmnist/fashion-mnist_train.csv,multiclasse,kaggle,path_hint,,,,,60000,785,784,label,nome_conhecido,10,"{""2"": 6000, ""9"": 6000, ""6"": 6000, ""0"": 6000, ""3"": 6000, ""4"": 6000, ""5"": 6000, ""8"": 6000, ""7"": 6000, ""1"": 6000}","{""2"": 0.1, ""9"": 0.1, ""6"": 0.1, ""0"": 0.1, ""3"": 0.1, ""4"": 0.1, ""5"": 0.1, ""8"": 0.1, ""7"": 0.1, ""1"": 0.1}",2,6000,1,6000,1.0,3.321928,774,10,0,0,10,0,0,0,0,0.0,0.0,0.0,{},43,0.000717,359.344608,126.883691,"[""label"", ""pixel1"", ""pixel2"", ""pixel3"", ""pixel4"", ""pixel5"", ""pixel6"", ""pixel7"", ""pixel8"", ""pixel9""]",[],[],0.0,255.0,73.899099,70.929587
sample_sub.csv,datasets/multiclasse/kaggle/healthcare/sample_sub.csv,multiclasse,kaggle,path_hint,,,,,137057,2,1,Stay,ultima_coluna,1,"{""0-10"": 137057}","{""0-10"": 1.0}",0-10,137057,0-10,137057,1.0,-0.0,1,0,0,0,0,0,0,1,0,0.0,0.0,0.0,{},0,0.0,2.614281,1.568505,"[""case_id"", ""Stay""]",[],"[""case_id""]",318439.0,455495.0,386967.0,39565.092259
submission.csv,datasets/multiclasse/kaggle/music_genre/submission.csv,multiclasse,kaggle,path_hint,,,,,7713,11,10,Rock_10,ultima_coluna,2,"{""0"": 7712, ""1"": 1}","{""0"": 0.99987, ""1"": 0.00013}",0,7712,1,1,7712.0,0.001861,0,10,0,0,10,0,0,0,0,0.0,0.0,0.0,{},7701,0.998444,0.647427,0.169291,"[""Acoustic/Folk_0"", ""Alt_Music_1"", ""Blues_2"", ""Bollywood_3"", ""Country_4"", ""HipHop_5"", ""Indie Alt_6"", ""Instrumental_7"", ""Metal_8"", ""Pop_9""]",[],[],,,,
test.csv,datasets/multiclasse/kaggle/music_genre/test.csv,multiclasse,kaggle,path_hint,,,,,7713,16,15,time_signature,ultima_coluna,5,"{""4"": 7046, ""3"": 541, ""5"": 72, ""1"": 53, ""0"": 1}","{""4"": 0.913523, ""3"": 0.070141, ""5"": 0.009335, ""1"": 0.006872, ""0"": 0.00013}",4,7046,0,1,7046.0,0.50209,11,4,0,2,2,0,0,3,2944,0.023856,0.025446,0.247504,"{""instrumentalness"": 1909, ""key"": 808, ""Popularity"": 227}",325,0.042137,1.169009,0.831931,"[""Artist Name"", ""Track Name"", ""Popularity"", ""danceability"", ""energy"", ""key"", ""loudness"", ""mode"", ""speechiness"", ""acousticness""]",[],"[""Track Name"", ""tempo"", ""duration_in min/ms""]",-36.544,1561133.0,18144.275342,10287.509975
predictive_maintenance.csv,datasets/multiclasse/kaggle/predictive_maintenance.csv,multiclasse,kaggle,path_hint,,,,,10000,10,9,Target,nome_conhecido,2,"{""0"": 9661, ""1"": 339}","{""0"": 0.9661, ""1"": 0.0339}",0,9661,1,339,28.498525,0.213588,6,3,0,3,0,0,0,2,0,0.0,0.0,0.0,{},0,0.0,0.927938,0.506408,"[""UDI"", ""Product ID"", ""Type"", ""Air temperature [K]"", ""Process temperature [K]"", ""Rotational speed [rpm]"", ""Torque [Nm]"", ""Tool wear [min]"", ""Target"", ""class""]",[],"[""UDI"", ""Product ID""]",0.0,10000.0,1216.204083,523.881142
star_classification.csv,datasets/multiclasse/kaggle/star_classification.csv,multiclasse,kaggle,path_hint,,,,,100000,18,17,class,nome_conhecido,3,"{""GALAXY"": 59445, ""STAR"": 21594, ""QSO"": 18961}","{""GALAXY"": 0.59445, ""STAR"": 0.21594, ""QSO"": 0.18961}",GALAXY,59445,QSO,18961,3.135119,1.378421,15,2,0,0,2,0,1,9,0,0.0,0.0,0.0,{},0,0.0,14.209805,15.979636,"[""obj_ID"", ""alpha"", ""delta"", ""u"", ""g"", ""r"", ""i"", ""z"", ""run_ID"", ""rerun_ID""]","[""rerun_ID""]","[""alpha"", ""delta"", ""u"", ""g"", ""r"", ""i"", ""z"", ""spec_obj_ID"", ""redshift""]",-9999.0,1.4126940609093851e+19,4.6810313462446835e+17,2.216016405429174e+17
zoo.csv,datasets/multiclasse/kaggle/zoo.csv,multiclasse,kaggle,path_hint,,,,,113,18,17,class,nome_conhecido,7,"{""3"": 20, ""2"": 20, ""1"": 19, ""6"": 17, ""4"": 15, ""5"": 12, ""7"": 10}","{""3"": 0.176991, ""2"": 0.176991, ""1"": 0.168142, ""6"": 0.150442, ""4"": 0.132743, ""5"": 0.106195, ""7"": 0.088496}",3,20,7,10,2.0,2.767818,0,17,0,1,16,0,0,1,0,0.0,0.0,0.0,{},0,0.0,0.016665,0.005031,"[""animal_name"", ""hair"", ""feathers"", ""eggs"", ""milk"", ""airborne"", ""aquatic"", ""predator"", ""toothed"", ""backbone""]",[],"[""animal_name""]",,,,
zoo2.csv,datasets/multiclasse/kaggle/zoo2.csv,multiclasse,kaggle,path_hint,,,,,43,18,17,class_type,ultima_coluna,5,"{""3"": 12, ""6"": 12, ""4"": 7, ""5"": 6, ""7"": 6}","{""3"": 0.27907, ""6"": 0.27907, ""4"": 0.162791, ""5"": 0.139535, ""7"": 0.139535}",3,12,7,6,2.0,2.246959,0,17,0,1,16,0,3,0,0,0.0,0.0,0.0,{},0,0.0,0.00632,0.001858,"[""animal_name"", ""hair"", ""feathers"", ""eggs"", ""milk"", ""airborne"", ""aquatic"", ""predator"", ""toothed"", ""backbone""]","[""feathers"", ""eggs"", ""milk""]",[],,,,
zoo3.csv,datasets/multiclasse/kaggle/zoo3.csv,multiclasse,kaggle,path_hint,,,,,70,18,17,class_type,ultima_coluna,7,"{""2"": 20, ""1"": 19, ""3"": 8, ""4"": 8, ""5"": 6, ""6"": 5, ""7"": 4}","{""2"": 0.285714, ""1"": 0.271429, ""3"": 0.114286, ""4"": 0.114286, ""5"": 0.085714, ""6"": 0.071429, ""7"": 0.057143}",2,20,7,4,5.0,2.554017,0,17,0,1,16,0,0,1,0,0.0,0.0,0.0,{},0,0.0,0.010471,0.003202,"[""animal_name"", ""hair"", ""feathers"", ""eggs"", ""milk"", ""airborne"", ""aquatic"", ""predator"", ""toothed"", ""backbone""]",[],"[""animal_name""]",,,,
fabert.csv,datasets/multiclasse/openml/fabert.csv,multiclasse,openml,path_hint,,,,,8237,801,800,class,nome_conhecido,7,"{""2"": 1927, ""3"": 1515, ""1"": 1433, ""4"": 979, ""5"": 948, ""0"": 933, ""6"": 502}","{""2"": 0.233944, ""3"": 0.183926, ""1"": 0.173971, ""4"": 0.118854, ""5"": 0.11509, ""0"": 0.113269, ""6"": 0.060945}",2,1927,6,502,3.838645,2.704628,784,16,0,0,16,0,5,0,0,0.0,0.0,0.0,{},0,0.0,50.337627,25.465016,"[""class"", ""V1"", ""V2"", ""V3"", ""V4"", ""V5"", ""V6"", ""V7"", ""V8"", ""V9""]","[""V157"", ""V179"", ""V242"", ""V324"", ""V398""]",[],0.0,1.0,0.005122,0.056552
fars.csv,datasets/multiclasse/openml/fars.csv,multiclasse,openml,path_hint,,,,,100968,30,29,class,nome_conhecido,8,"{""1"": 42116, ""4"": 20007, ""2"": 15072, ""5"": 13890, ""6"": 8674, ""7"": 901, ""3"": 299, ""0"": 9}","{""1"": 0.417122, ""4"": 0.198152, ""2"": 0.149275, ""5"": 0.137568, ""6"": 0.085908, ""7"": 0.008924, ""3"": 0.002961, ""0"": 8.9e-05}",1,42116,0,9,4679.555556,2.183258,6,23,0,0,23,0,0,0,0,0.0,0.0,0.0,{},7964,0.078876,23.109867,9.396514,"[""CASE_STATE"", ""AGE"", ""SEX"", ""PERSON_TYPE"", ""SEATING_POSITION"", ""RESTRAINT_SYSTEM-USE"", ""AIR_BAG_AVAILABILITY/DEPLOYMENT"", ""EJECTION"", ""EJECTION_PATH"", ""EXTRICATION""]",[],[],0.0,999.0,88.580131,177.174836
microaggregation2.csv,datasets/multiclasse/openml/microaggregation2.csv,multiclasse,openml,path_hint,,,,,20000,21,20,class,nome_conhecido,5,"{""1"": 11162, ""2"": 4482, ""5"": 2099, ""3"": 1514, ""4"": 743}","{""1"": 0.5581, ""2"": 0.2241, ""5"": 0.10495, ""3"": 0.0757, ""4"": 0.03715}",1,11162,4,743,15.02288,1.752823,10,10,0,0,10,0,0,8,0,0.0,0.0,0.0,{},0,0.0,3.204472,2.199078,"[""a1"", ""a2"", ""a3"", ""a4"", ""a5"", ""a6"", ""a7"", ""a8"", ""a9"", ""a10""]",[],"[""a11"", ""a12"", ""a13"", ""a15"", ""a16"", ""a17"", ""a18"", ""a20""]",0.064441,39.903,2.942783,4.072166
Covertype.csv,datasets/multiclasse/ours/Covertype.csv,multiclasse,desconhecida,nao_encontrado,,,,,110393,55,54,class,nome_conhecido,7,"{""Lodgepole_Pine"": 51682, ""Spruce_Fir"": 38906, ""Ponderosa_Pine"": 7375, ""Krummholz"": 4508, ""Douglas_fir"": 3969, ""Aspen"": 2614, ""Cottonwood_Willow"": 1339}","{""Lodgepole_Pine"": 0.468164, ""Spruce_Fir"": 0.352432, ""Ponderosa_Pine"": 0.066807, ""Krummholz"": 0.040836, ""Douglas_fir"": 0.035953, ""Aspen"": 0.023679, ""Cottonwood_Willow"": 0.012129}",Lodgepole_Pine,51682,Cottonwood_Willow,1339,38.597461,1.86966,10,44,0,0,44,0,0,0,0,0.0,0.0,0.0,{},16581,0.1502,47.596907,14.895427,"[""elevation"", ""aspect"", ""slope"", ""horizontal_distance_to_hydrology"", ""Vertical_Distance_To_Hydrology"", ""Horizontal_Distance_To_Roadways"", ""Hillshade_9am"", ""Hillshade_Noon"", ""Hillshade_3pm"", ""Horizontal_Distance_To_Fire_Points""]",[],[],-173.0,7142.0,834.713673,363.552903
Dermatology.csv,datasets/multiclasse/ours/Dermatology.csv,multiclasse,desconhecida,nao_encontrado,,,,,1000000,35,34,class,nome_conhecido,6,"{""1"": 304589, ""3"": 196592, ""2"": 165951, ""5"": 142642, ""4"": 134533, ""6"": 55693}","{""1"": 0.304589, ""3"": 0.196592, ""2"": 0.165951, ""5"": 0.142642, ""4"": 0.134533, ""6"": 0.055693}",1,304589,6,55693,5.469072,2.435872,1,33,0,0,33,0,0,1,0,0.0,0.0,0.0,{},0,0.0,267.028934,74.251653,"[""erythema"", ""scaling"", ""definite_borders"", ""itching"", ""koebner_phenomenon"", ""polygonal_papules"", ""follicular_papules"", ""oral_mucosal_involvement"", ""knee_and_elbow_involvement"", ""scalp_involvement""]",[],"[""Age""]",-9.073867,84.692207,36.025437,15.431274
HAR.csv,datasets/multiclasse/ours/HAR.csv,multiclasse,desconhecida,nao_encontrado,,,,,10299,562,561,Class,nome_conhecido,6,"{""6"": 1944, ""5"": 1906, ""4"": 1777, ""1"": 1722, ""2"": 1544, ""3"": 1406}","{""6"": 0.188756, ""5"": 0.185067, ""4"": 0.172541, ""1"": 0.167201, ""2"": 0.149917, ""3"": 0.136518}",6,1944,3,1406,1.382646,2.575923,561,0,0,0,0,0,0,321,0,0.0,0.0,0.0,{},0,0.0,44.159351,52.790381,"[""V1"", ""V2"", ""V3"", ""V4"", ""V5"", ""V6"", ""V7"", ""V8"", ""V9"", ""V10""]",[],"[""V1"", ""V2"", ""V3"", ""V4"", ""V5"", ""V6"", ""V7"", ""V8"", ""V9"", ""V16"", ""V20"", ""V21"", ""V22"", ""V25"", ""V26"", ""V27"", ""V28"", ""V29"", ""V30"", ""V31""]",-1.0,1.0,-0.50862,0.279232
Land-use.csv,datasets/multiclasse/ours/Land-use.csv,multiclasse,desconhecida,nao_encontrado,,,,,9144,221,220,Class,nome_conhecido,8,"{""Soybeans"": 4050, ""Corn"": 2502, ""Trees"": 1294, ""Grass"": 523, ""Hay"": 489, ""Wheat"": 212, ""Alfalfa"": 54, ""Oats"": 20}","{""Soybeans"": 0.442913, ""Corn"": 0.273622, ""Trees"": 0.141514, ""Grass"": 0.057196, ""Hay"": 0.053478, ""Wheat"": 0.023185, ""Alfalfa"": 0.005906, ""Oats"": 0.002187}",Soybeans,4050,Oats,20,202.5,2.082191,211,9,0,0,9,0,0,0,0,0.0,0.0,0.0,{},0,0.0,15.469744,9.64813,"[""0"", ""1"", ""2"", ""3"", ""4"", ""5"", ""6"", ""7"", ""8"", ""9""]",[],[],961.0,9360.0,2663.817775,304.285411
Mfeat.csv,datasets/multiclasse/ours/Mfeat.csv,multiclasse,desconhecida,nao_encontrado,,,,,2000,7,6,class,nome_conhecido,10,"{""1"": 200, ""2"": 200, ""3"": 200, ""4"": 200, ""5"": 200, ""6"": 200, ""7"": 200, ""8"": 200, ""9"": 200, ""10"": 200}","{""1"": 0.1, ""2"": 0.1, ""3"": 0.1, ""4"": 0.1, ""5"": 0.1, ""6"": 0.1, ""7"": 0.1, ""8"": 0.1, ""9"": 0.1, ""10"": 0.1}",1,200,10,200,1.0,3.321928,3,3,0,0,3,0,0,3,0,0.0,0.0,0.0,{},6,0.003,0.106937,0.139842,"[""att1"", ""att2"", ""att3"", ""att4"", ""att5"", ""att6"", ""class""]",[],"[""att4"", ""att5"", ""att6""]",1.14313,17572.199943,2104.41963,1260.978599
Mfeat_icdm21.csv,datasets/multiclasse/ours/Mfeat_icdm21.csv,multiclasse,desconhecida,nao_encontrado,,,,,1600,7,6,class,nome_conhecido,3,"{""2"": 600, ""4"": 600, ""5"": 400}","{""2"": 0.375, ""4"": 0.375, ""5"": 0.25}",2,600,5,400,1.5,1.561278,3,3,0,0,3,0,0,3,0,0.0,0.0,0.0,{},5,0.003125,0.085575,0.068563,"[""class"", ""att1"", ""att2"", ""att3"", ""att4"", ""att5"", ""att6""]",[],"[""att4"", ""att5"", ""att6""]",1.14313,16356.147439,2023.152923,1042.388653
Mosquitoes.csv,datasets/multiclasse/ours/Mosquitoes.csv,multiclasse,desconhecida,nao_encontrado,,,,,158249,54,53,class,nome_conhecido,6,"{""7"": 79360, ""10"": 35650, ""8"": 20765, ""1"": 16170, ""3"": 4306, ""5"": 1998}","{""7"": 0.501488, ""10"": 0.225278, ""8"": 0.131217, ""1"": 0.102181, ""3"": 0.02721, ""5"": 0.012626}",7,79360,5,1998,39.71972,1.925577,47,6,0,2,4,0,0,37,0,0.0,0.0,0.0,{},0,0.0,72.378922,120.576232,"[""class"", ""sensor_id"", ""file"", ""time_elapsed"", ""year"", ""month"", ""day"", ""hour"", ""min"", ""sec""]",[],"[""file"", ""complexity"", ""complexity_znorm"", ""peaks_freq_1"", ""peaks_freq_2"", ""peaks_freq_3"", ""peaks_freq_4"", ""peaks_freq_5"", ""peaks_freq_6"", ""inharmonicity"", ""rho_wbf"", ""eh_1"", ""eh_2"", ""eh_3"", ""eh_4"", ""eh_5"", ""eh_6"", ""eh_7"", ""eh_8"", ""eh_9""]",-110.3,29763407.0,230207.675725,216900.826625
Nursery.csv,datasets/multiclasse/ours/Nursery.csv,multiclasse,desconhecida,nao_encontrado,,,,,12960,9,8,class,nome_conhecido,5,"{""not_recom"": 4320, ""priority"": 4266, ""spec_prior"": 4044, ""very_recom"": 328, ""recommend"": 2}","{""not_recom"": 0.333333, ""priority"": 0.329167, ""spec_prior"": 0.312037, ""very_recom"": 0.025309, ""recommend"": 0.000154}",not_recom,4320,recommend,2,2160.0,1.716496,0,8,0,8,0,0,0,0,0,0.0,0.0,0.0,{},0,0.0,1.789076,1.010376,"[""parents"", ""has_nurs"", ""form"", ""children"", ""housing"", ""finance"", ""social"", ""health"", ""class""]",[],[],,,,
PhishingURL.csv,datasets/multiclasse/ours/PhishingURL.csv,multiclasse,desconhecida,nao_encontrado,,,,,18982,80,79,class,nome_conhecido,5,"{""spam"": 5342, ""malware"": 4440, ""phishing"": 4014, ""benign"": 2709, ""Defacement"": 2477}","{""spam"": 0.281425, ""malware"": 0.233906, ""phishing"": 0.211463, ""benign"": 0.142714, ""Defacement"": 0.130492}",spam,5342,Defacement,2477,2.156641,2.263279,45,34,0,0,34,0,1,0,0,0.0,0.0,0.0,{},5453,0.287272,11.705585,5.196954,"[""Querylength"", ""domain_token_count"", ""path_token_count"", ""avgdomaintokenlen"", ""longdomaintokenlen"", ""avgpathtokenlen"", ""tld"", ""charcompvowels"", ""charcompace"", ""ldl_url""]","[""ISIpAddressInDomainName""]",[],-1.0,1424.0,16.122917,32.448599
Satimage.csv,datasets/multiclasse/ours/Satimage.csv,multiclasse,desconhecida,nao_encontrado,,,,,6430,37,36,class,nome_conhecido,6,"{""1.0"": 1531, ""7.0"": 1508, ""3.0"": 1356, ""5.0"": 707, ""2.0"": 703, ""4.0"": 625}","{""1.0"": 0.238103, ""7.0"": 0.234526, ""3.0"": 0.210886, ""5.0"": 0.109953, ""2.0"": 0.109331, ""4.0"": 0.097201}",1.0,1531,4.0,625,2.4496,2.483362,36,0,0,0,0,0,0,0,0,0.0,0.0,0.0,{},0,0.0,1.815235,2.120855,"[""Aattr"", ""Battr"", ""Cattr"", ""Dattr"", ""Eattr"", ""Fattr"", ""A1attr"", ""B2attr"", ""C3attr"", ""D4attr""]",[],[],-2.962511,3.933434,-0.000556,1.000022
academic-success.csv,datasets/multiclasse/quapy_data/academic-success.csv,multiclasse,uci,path_hint,,,,,4424,37,36,class,nome_conhecido,3,"{""2"": 2209, ""0"": 1421, ""1"": 794}","{""2"": 0.499322, ""0"": 0.321203, ""1"": 0.179476}",2,2209,1,794,2.782116,1.471338,7,29,0,0,29,0,0,0,0,0.0,0.0,0.0,{},0,0.0,1.248966,0.70449,"[""f0"", ""f1"", ""f2"", ""f3"", ""f4"", ""f5"", ""f6"", ""f7"", ""f8"", ""f9""]",[],[],-4.06,190.0,41.894085,6.291614
digits.csv,datasets/multiclasse/quapy_data/digits.csv,multiclasse,uci,path_hint,,,,,5620,65,64,class,nome_conhecido,10,"{""3"": 572, ""1"": 571, ""4"": 568, ""7"": 566, ""9"": 562, ""6"": 558, ""5"": 558, ""2"": 557, ""0"": 554, ""8"": 554}","{""3"": 0.101779, ""1"": 0.101601, ""4"": 0.101068, ""7"": 0.100712, ""9"": 0.1, ""6"": 0.099288, ""5"": 0.099288, ""2"": 0.09911, ""0"": 0.098577, ""8"": 0.098577}",3,572,8,554,1.032491,3.321833,0,64,0,0,64,0,2,0,0,0.0,0.0,0.0,{},0,0.0,2.787144,1.481613,"[""f0"", ""f1"", ""f2"", ""f3"", ""f4"", ""f5"", ""f6"", ""f7"", ""f8"", ""f9""]","[""f0"", ""f39""]",[],,,,
dry-bean.csv,datasets/multiclasse/quapy_data/dry-bean.csv,multiclasse,uci,path_hint,,,,,13611,17,16,class,nome_conhecido,7,"{""3"": 3546, ""6"": 2636, ""5"": 2027, ""4"": 1928, ""2"": 1630, ""0"": 1322, ""1"": 522}","{""3"": 0.260525, ""6"": 0.193667, ""5"": 0.148924, ""4"": 0.14165, ""2"": 0.119756, ""0"": 0.097127, ""1"": 0.038351}",3,3546,1,522,6.793103,2.646597,16,0,0,0,0,0,0,16,0,0.0,0.0,0.0,{},68,0.004996,1.765469,2.359188,"[""f0"", ""f1"", ""f2"", ""f3"", ""f4"", ""f5"", ""f6"", ""f7"", ""f8"", ""f9""]",[],"[""f0"", ""f1"", ""f2"", ""f3"", ""f4"", ""f5"", ""f6"", ""f7"", ""f8"", ""f9"", ""f10"", ""f11"", ""f12"", ""f13"", ""f14"", ""f15""]",0.000564,263261.0,6778.414757,3718.985086
wine-quality.csv,datasets/multiclasse/quapy_data/wine-quality.csv,multiclasse,uci,path_hint,,,,,6497,12,11,class,nome_conhecido,7,"{""3"": 2836, ""2"": 2138, ""4"": 1079, ""1"": 216, ""5"": 193, ""0"": 30, ""6"": 5}","{""3"": 0.436509, ""2"": 0.329075, ""4"": 0.166077, ""1"": 0.033246, ""5"": 0.029706, ""0"": 0.004618, ""6"": 0.00077}",3,2836,6,5,567.2,1.837604,11,0,0,0,0,0,0,0,0,0.0,0.0,0.0,{},1179,0.181468,0.594944,0.367578,"[""f0"", ""f1"", ""f2"", ""f3"", ""f4"", ""f5"", ""f6"", ""f7"", ""f8"", ""f9""]",[],[],0.0,440.0,15.898094,7.470526
Video_Games_Sales_as_at_22_Dec_2016.csv,datasets/multiclasse/schumacher/Video_Games_Sales_as_at_22_Dec_2016.csv,multiclasse,desconhecida,nao_encontrado,,,,,16719,16,15,Rating,ultima_coluna,9,"{""<NA>"": 6769, ""E"": 3991, ""T"": 2961, ""M"": 1563, ""E10+"": 1420, ""EC"": 8, ""K-A"": 3, ""RP"": 3, ""AO"": 1}","{""<NA>"": 0.404869, ""E"": 0.23871, ""T"": 0.177104, ""M"": 0.093486, ""E10+"": 0.084933, ""EC"": 0.000478, ""K-A"": 0.000179, ""RP"": 0.000179, ""AO"": 6e-05}",<NA>,6769,AO,1,6769.0,2.096137,8,7,0,6,1,0,0,0,46716,0.174637,0.159288,0.546025,"{""User_Count"": 9129, ""Critic_Score"": 8582, ""Critic_Count"": 8582, ""User_Score"": 6704, ""Developer"": 6623}",0,0.0,2.978931,1.543083,"[""Name"", ""Platform"", ""Year_of_Release"", ""Genre"", ""Publisher"", ""NA_Sales"", ""EU_Sales"", ""JP_Sales"", ""Other_Sales"", ""Global_Sales""]",[],[],0.0,10665.0,32.328155,74.695156
bike_sharing_data.csv,datasets/multiclasse/schumacher/bike_sharing_data.csv,multiclasse,desconhecida,nao_encontrado,,,,,17379,60,59,weathersit_4,ultima_coluna,2,"{""0"": 17376, ""1"": 3}","{""0"": 0.999827, ""1"": 0.000173}",0,17376,1,3,5792.0,0.002407,4,55,0,0,55,0,0,0,0,0.0,0.0,0.0,{},9,0.000518,7.955601,2.25491,"[""holiday"", ""workingday"", ""temp"", ""atemp"", ""hum"", ""windspeed"", ""cnt"", ""season_1"", ""season_2"", ""season_3""]",[],[],0.0,1.0,0.447522,0.169919
blog_feedback_data.csv,datasets/multiclasse/schumacher/blog_feedback_data.csv,multiclasse,desconhecida,nao_encontrado,,,,,52397,277,276,att280,ultima_coluna,4,"{""0"": 33559, ""2"": 8612, ""1"": 5775, ""3"": 4451}","{""0"": 0.640476, ""2"": 0.164361, ""1"": 0.110216, ""3"": 0.084948}",0,33559,3,4451,7.539654,1.492703,45,231,0,0,231,0,0,0,0,0.0,0.0,0.0,{},3253,0.062084,110.732922,61.226677,"[""att0"", ""att1"", ""att2"", ""att3"", ""att4"", ""att5"", ""att6"", ""att7"", ""att8"", ""att9""]",[],[],-1256.0,57894.0,100.184217,154.662199
concrete_data.csv,datasets/multiclasse/schumacher/concrete_data.csv,multiclasse,desconhecida,nao_encontrado,,,,,1030,9,8,strength,ultima_coluna,3,"{""3"": 507, ""2"": 326, ""1"": 197}","{""3"": 0.492233, ""2"": 0.316505, ""1"": 0.191262}",3,507,1,197,2.573604,1.485078,7,1,0,0,1,0,0,0,0,0.0,0.0,0.0,{},33,0.032039,0.07085,0.044661,"[""comp1"", ""comp2"", ""comp3"", ""comp4"", ""comp5"", ""comp6"", ""comp7"", ""comp8"", ""strength""]",[],[],0.0,1145.0,334.787886,62.863003
contraceptive_data.csv,datasets/multiclasse/schumacher/contraceptive_data.csv,multiclasse,desconhecida,nao_encontrado,,,,,1473,13,12,HusbandJob_4,ultima_coluna,2,"{""0"": 1446, ""1"": 27}","{""0"": 0.98167, ""1"": 0.01833}",0,1446,1,27,53.555556,0.131958,0,12,0,0,12,0,0,0,0,0.0,0.0,0.0,{},48,0.032587,0.146221,0.039509,"[""Age"", ""Education"", ""HusbandEducation"", ""NumberChildren"", ""Islamic"", ""Work"", ""LivingStandard"", ""MediaExposure"", ""Contraceptive"", ""HusbandJob_1""]",[],[],,,,
diamonds_data.csv,datasets/multiclasse/schumacher/diamonds_data.csv,multiclasse,desconhecida,nao_encontrado,,,,,53940,22,21,clarity_VVS2,ultima_coluna,2,"{""0"": 48874, ""1"": 5066}","{""0"": 0.906081, ""1"": 0.093919}",0,48874,1,5066,9.647454,0.449418,6,15,0,0,15,0,0,0,0,0.0,0.0,0.0,{},147,0.002725,9.053776,3.2166,"[""cut"", ""depth"", ""table"", ""price"", ""xc"", ""yc"", ""zc"", ""color_D"", ""color_E"", ""color_F""]",[],[],0.0,18823.0,677.835121,666.012741
drugs_data.csv,datasets/multiclasse/schumacher/drugs_data.csv,multiclasse,desconhecida,nao_encontrado,,,,,1885,137,136,att31_CL6,ultima_coluna,2,"{""0"": 1878, ""1"": 7}","{""0"": 0.996286, ""1"": 0.003714}",0,1878,1,7,268.285714,0.035327,12,124,0,0,124,0,0,0,0,0.0,0.0,0.0,{},0,0.0,1.970379,0.635522,"[""att1"", ""att2"", ""att3"", ""att4"", ""att5"", ""att6"", ""att7"", ""att8"", ""att9"", ""att10""]",[],[],-3.46436,3.46436,0.006596,0.840206
fifa19_data.csv,datasets/multiclasse/schumacher/fifa19_data.csv,multiclasse,desconhecida,nao_encontrado,,,,,14750,118,117,Position_ST,ultima_coluna,2,"{""0"": 12826, ""1"": 1924}","{""0"": 0.869559, ""1"": 0.130441}",0,12826,1,1924,6.66632,0.558646,58,59,0,0,59,0,0,0,0,0.0,0.0,0.0,{},0,0.0,13.279087,5.448158,"[""Age"", ""Overall"", ""Potential"", ""Wage"", ""Special"", ""International Reputation"", ""Weak Foot"", ""Skill Moves"", ""Joined"", ""Contract Valid Until""]",[],[],10.0,2346.0,90.364471,14.929377
test.csv,datasets/multiclasse/schumacher/first-order-final/test.csv,multiclasse,desconhecida,nao_encontrado,,,,,1530,57,56,label_6,ultima_coluna,2,"{""-1"": 906, ""1"": 624}","{""-1"": 0.592157, ""1"": 0.407843}",-1,906,1,624,1.451923,0.975354,51,5,0,0,5,0,0,5,0,0.0,0.0,0.0,{},35,0.022876,0.665485,0.663464,"[""feature_1"", ""feature_2"", ""feature_3"", ""feature_4"", ""feature_5"", ""feature_6"", ""feature_7"", ""feature_8"", ""feature_9"", ""feature_10""]",[],"[""feature_15"", ""feature_23"", ""feature_25"", ""feature_27"", ""feature_29""]",-3.5591,38.106,-0.001238,0.918118
theorem.csv,datasets/multiclasse/schumacher/first-order-final/theorem.csv,multiclasse,desconhecida,nao_encontrado,,,,,6118,57,56,label_6,ultima_coluna,2,"{""-1"": 3564, ""1"": 2554}","{""-1"": 0.582543, ""1"": 0.417457}",-1,3564,1,2554,1.395458,0.98025,51,5,0,0,5,0,0,0,0,0.0,0.0,0.0,{},482,0.078784,2.660694,2.651654,"[""feature_1"", ""feature_2"", ""feature_3"", ""feature_4"", ""feature_5"", ""feature_6"", ""feature_7"", ""feature_8"", ""feature_9"", ""feature_10""]",[],[],-3.7356,68.461,-0.000551,0.991644
theorem_data.csv,datasets/multiclasse/schumacher/first-order-final/theorem_data.csv,multiclasse,desconhecida,nao_encontrado,,,,,5370,52,51,res,ultima_coluna,1,"{""1"": 5370}","{""1"": 1.0}",1,5370,1,5370,1.0,-0.0,49,2,0,0,2,0,0,0,0,0.0,0.0,0.0,{},481,0.089572,2.130558,2.192403,"[""att1"", ""att2"", ""att3"", ""att4"", ""att6"", ""att7"", ""att8"", ""att9"", ""att10"", ""att11""]",[],[],-3.7356,68.461,-0.005758,0.985373
train.csv,datasets/multiclasse/schumacher/first-order-final/train.csv,multiclasse,desconhecida,nao_encontrado,,,,,3059,57,56,label_6,ultima_coluna,2,"{""-1"": 1773, ""1"": 1286}","{""-1"": 0.579601, ""1"": 0.420399}",-1,1773,1,1286,1.378694,0.981639,51,5,0,0,5,0,0,3,0,0.0,0.0,0.0,{},147,0.048055,1.33041,1.326021,"[""feature_1"", ""feature_2"", ""feature_3"", ""feature_4"", ""feature_5"", ""feature_6"", ""feature_7"", ""feature_8"", ""feature_9"", ""feature_10""]",[],"[""feature_15"", ""feature_27"", ""feature_29""]",-3.7356,54.739,0.0,1.0
validation.csv,datasets/multiclasse/schumacher/first-order-final/validation.csv,multiclasse,desconhecida,nao_encontrado,,,,,1529,57,56,label_6,ultima_coluna,2,"{""-1"": 885, ""1"": 644}","{""-1"": 0.57881, ""1"": 0.42119}",-1,885,1,644,1.374224,0.982004,51,5,0,0,5,0,0,5,0,0.0,0.0,0.0,{},55,0.035971,0.665051,0.663316,"[""feature_1"", ""feature_2"", ""feature_3"", ""feature_4"", ""feature_5"", ""feature_6"", ""feature_7"", ""feature_8"", ""feature_9"", ""feature_10""]",[],"[""feature_15"", ""feature_23"", ""feature_25"", ""feature_27"", ""feature_29""]",-3.7356,68.461,-0.000967,1.016478
all_data.csv,datasets/multiclasse/schumacher/first-order-theorem/all_data.csv,multiclasse,desconhecida,nao_encontrado,,,,,6118,57,56,label_6,ultima_coluna,2,"{""-1"": 3564, ""1"": 2554}","{""-1"": 0.582543, ""1"": 0.417457}",-1,3564,1,2554,1.395458,0.98025,51,5,0,0,5,0,0,0,0,0.0,0.0,0.0,{},482,0.078784,2.660694,2.651654,"[""feature_1"", ""feature_2"", ""feature_3"", ""feature_4"", ""feature_5"", ""feature_6"", ""feature_7"", ""feature_8"", ""feature_9"", ""feature_10""]",[],[],-3.7356,68.461,-0.000551,0.991644
test.csv,datasets/multiclasse/schumacher/first-order-theorem/test.csv,multiclasse,desconhecida,nao_encontrado,,,,,1530,57,56,label_6,ultima_coluna,2,"{""-1"": 906, ""1"": 624}","{""-1"": 0.592157, ""1"": 0.407843}",-1,906,1,624,1.451923,0.975354,51,5,0,0,5,0,0,5,0,0.0,0.0,0.0,{},35,0.022876,0.665485,0.663464,"[""feature_1"", ""feature_2"", ""feature_3"", ""feature_4"", ""feature_5"", ""feature_6"", ""feature_7"", ""feature_8"", ""feature_9"", ""feature_10""]",[],"[""feature_15"", ""feature_23"", ""feature_25"", ""feature_27"", ""feature_29""]",-3.5591,38.106,-0.001238,0.918118
train.csv,datasets/multiclasse/schumacher/first-order-theorem/train.csv,multiclasse,desconhecida,nao_encontrado,,,,,3059,57,56,label_6,ultima_coluna,2,"{""-1"": 1773, ""1"": 1286}","{""-1"": 0.579601, ""1"": 0.420399}",-1,1773,1,1286,1.378694,0.981639,51,5,0,0,5,0,0,3,0,0.0,0.0,0.0,{},147,0.048055,1.33041,1.326021,"[""feature_1"", ""feature_2"", ""feature_3"", ""feature_4"", ""feature_5"", ""feature_6"", ""feature_7"", ""feature_8"", ""feature_9"", ""feature_10""]",[],"[""feature_15"", ""feature_27"", ""feature_29""]",-3.7356,54.739,0.0,1.0
validation.csv,datasets/multiclasse/schumacher/first-order-theorem/validation.csv,multiclasse,desconhecida,nao_encontrado,,,,,1529,57,56,label_6,ultima_coluna,2,"{""-1"": 885, ""1"": 644}","{""-1"": 0.57881, ""1"": 0.42119}",-1,885,1,644,1.374224,0.982004,51,5,0,0,5,0,0,5,0,0.0,0.0,0.0,{},55,0.035971,0.665051,0.663316,"[""feature_1"", ""feature_2"", ""feature_3"", ""feature_4"", ""feature_5"", ""feature_6"", ""feature_7"", ""feature_8"", ""feature_9"", ""feature_10""]",[],"[""feature_15"", ""feature_23"", ""feature_25"", ""feature_27"", ""feature_29""]",-3.7356,68.461,-0.000967,1.016478
news_popularity_data.csv,datasets/multiclasse/schumacher/news_popularity_data.csv,multiclasse,desconhecida,nao_encontrado,,,,,39644,60,59,shares,ultima_coluna,4,"{""2"": 16354, ""1"": 12424, ""3"": 5794, ""4"": 5072}","{""2"": 0.412521, ""1"": 0.313389, ""3"": 0.146151, ""4"": 0.127939}",2,16354,4,5072,3.224369,1.836602,41,18,0,0,18,0,0,8,0,0.0,0.0,0.0,{},0,0.0,18.147709,18.635118,"[""timedelta"", ""n_tokens_title"", ""n_tokens_content"", ""n_unique_tokens"", ""n_non_stop_words"", ""n_non_stop_unique_tokens"", ""num_hrefs"", ""num_self_hrefs"", ""num_imgs"", ""num_videos""]",[],"[""kw_avg_avg"", ""LDA_00"", ""LDA_01"", ""LDA_02"", ""LDA_03"", ""LDA_04"", ""global_subjectivity"", ""global_sentiment_polarity""]",-1.0,843300.0,7461.757298,7117.77381
superconductor_data.csv,datasets/multiclasse/schumacher/superconductor_data.csv,multiclasse,desconhecida,nao_encontrado,,,,,21263,90,89,number_of_elements_9,ultima_coluna,2,"{""0"": 21249, ""1"": 14}","{""0"": 0.999342, ""1"": 0.000658}",0,21249,1,14,1517.785714,0.007908,79,10,0,0,10,0,0,0,0,0.0,0.0,0.0,{},5572,0.262051,14.600269,23.191274,"[""mean_atomic_mass"", ""wtd_mean_atomic_mass"", ""gmean_atomic_mass"", ""wtd_gmean_atomic_mass"", ""entropy_atomic_mass"", ""wtd_entropy_atomic_mass"", ""range_atomic_mass"", ""wtd_range_atomic_mass"", ""std_atomic_mass"", ""wtd_std_atomic_mass""]",[],[],0.0,22590.0,554.128907,330.132343
turk_student_eval_data.csv,datasets/multiclasse/schumacher/turk_student_eval_data.csv,multiclasse,desconhecida,nao_encontrado,,,,,5820,31,30,Q28,ultima_coluna,5,"{""4"": 1695, ""3"": 1612, ""5"": 1141, ""1"": 812, ""2"": 560}","{""4"": 0.291237, ""3"": 0.276976, ""5"": 0.196048, ""1"": 0.139519, ""2"": 0.09622}",4,1695,2,560,3.026786,2.213608,0,30,0,0,30,0,0,0,0,0.0,0.0,0.0,{},2703,0.464433,1.376621,0.3498,"[""instr"", ""attendance"", ""difficulty"", ""Q1"", ""Q2"", ""Q3"", ""Q4"", ""Q5"", ""Q6"", ""Q7""]",[],[],,,,
video_game_sales_data.csv,datasets/multiclasse/schumacher/video_game_sales_data.csv,multiclasse,desconhecida,nao_encontrado,,,,,6825,133,132,Rating_T,ultima_coluna,2,"{""0"": 4448, ""1"": 2377}","{""0"": 0.651722, ""1"": 0.348278}",0,4448,1,2377,1.871266,0.932521,6,126,0,0,126,0,0,0,0,0.0,0.0,0.0,{},0,0.0,6.925518,1.880542,"[""Year_of_Release"", ""NA_Sales"", ""EU_Sales"", ""JP_Sales"", ""Other_Sales"", ""Critic_Score"", ""Critic_Count"", ""User_Count"", ""Platform_3DS"", ""Platform_DC""]",[],[],0.0,10665.0,34.071815,101.477476
yeast_data.csv,datasets/multiclasse/schumacher/yeast_data.csv,multiclasse,desconhecida,nao_encontrado,,,,,1299,9,8,class,nome_conhecido,4,"{""0"": 463, ""1"": 429, ""2"": 244, ""3"": 163}","{""0"": 0.356428, ""1"": 0.330254, ""2"": 0.187837, ""3"": 0.125481}",0,463,3,163,2.840491,1.887235,8,0,0,0,0,0,0,0,0,0.0,0.0,0.0,{},30,0.023095,0.089321,0.050155,"[""mcg"", ""gvh"", ""alm"", ""mit"", ""erl"", ""pox"", ""vac"", ""nuc"", ""class""]",[],[],0.0,1.0,0.375615,0.085516
wine.csv,datasets/multiclasse/uci/wine.csv,multiclasse,uci,path_hint,,,,,178,14,13,class,nome_conhecido,3,"{""2"": 71, ""1"": 59, ""3"": 48}","{""2"": 0.398876, ""1"": 0.331461, ""3"": 0.269663}",2,71,3,48,1.479167,1.566822,13,0,0,0,0,0,0,0,0,0.0,0.0,0.0,{},0,0.0,0.019138,0.011183,"[""Alcohol"", ""Malicacid"", ""Ash"", ""Alcalinity_of_ash"", ""Magnesium"", ""Total_phenols"", ""Flavanoids"", ""Nonflavanoid_phenols"", ""Proanthocyanins"", ""Color_intensity""]",[],[],0.13,1680.0,69.133663,26.177785
